channel,order,expected_sequence,zero_rms,positive_rms,negative_rms,unwanted_sequence_pct
Iload,1,positive,1.95776700047773e-10,99.99999999972306,1.5791571371293912e-10,2.515271136864037e-10
Iload,2,negative,1.517142319959698e-14,1.1902217572898547e-10,6.29909391050412e-11,
Iload,3,zero,7.522620125208794e-15,9.415442979530775e-11,9.973518881986236e-11,
Iload,4,positive,2.3817612014337768e-14,9.575224934306666e-11,2.0352886879867554e-10,
Iload,5,negative,3.598130145222017e-11,8.251039913417774e-11,20.000000000029228,4.500727724338915e-10
Iload,6,zero,1.0562235501086777e-14,1.9696923054773109e-10,2.0857123058870145e-10,
Iload,7,positive,2.7534399896530156e-11,14.000000000007054,8.463416469663167e-11,6.35717697083569e-10
Iload,8,negative,2.6160670115362367e-14,1.4893759687246158e-10,7.610550964519384e-11,
Iload,9,zero,2.931138306183345e-14,6.640046207819132e-11,6.458597667862378e-11,
Iload,10,positive,2.8999808541917414e-14,3.986508591425505e-11,7.167018141809568e-11,
Iload,11,negative,1.6399160803860187e-11,3.96230581155666e-11,9.000000000058861,4.764735699892687e-10
Iload,12,zero,1.7794381198414922e-14,2.0849791873961505e-11,1.3443147238185557e-11,
Iload,13,positive,1.5005767488542803e-11,6.999999999984034,7.367975273968696e-12,2.388151524776386e-10
Iload,14,negative,2.1889388952414025e-14,1.0543171438033671e-11,8.999808695619525e-12,
Iload,15,zero,1.3865225808319045e-14,8.997740493027091e-12,9.269153346495234e-12,
Iload,16,positive,2.5341203650493153e-14,7.76652508362796e-12,9.074741380533024e-12,
Iload,17,negative,1.4908071761450564e-14,6.54980510840847e-12,8.794029037906723e-12,
Iload,18,zero,5.617333549722465e-15,5.729164792572636e-12,8.213198084266648e-12,
Iload,19,positive,1.3956667029607088e-14,5.167620934434543e-12,7.762819717538572e-12,
Iload,20,negative,1.613218534212622e-14,4.696536483521783e-12,7.2475773462500144e-12,
Iload,21,zero,2.38810237143226e-14,4.139407925571723e-12,6.935273073776504e-12,
Iload,22,positive,2.5415513838182058e-14,3.665079394139066e-12,6.516108604164159e-12,
Iload,23,negative,1.942294558297032e-14,3.5433401287974386e-12,6.2417377689631575e-12,
Iload,24,zero,2.763442023744644e-14,3.4037297541747817e-12,5.807443755137229e-12,
Iload,25,positive,2.531611462855657e-14,3.0953561026570774e-12,5.51027268463377e-12,
Isystem,1,positive,1.9766725250351525e-10,107.71787359135395,2.152501028047414e-10,2.7130247045017927e-10
Isystem,2,negative,1.0727816224681015e-14,8.349673547898927e-11,1.8544765639071934e-11,
Isystem,3,zero,1.5122235658207267e-14,5.880971568471501e-11,2.32678948274444e-11,
Isystem,4,positive,1.8167597365220783e-14,5.7710561657190674e-11,4.3815740888796825e-11,
Isystem,5,negative,7.371931014294564e-12,7.234018885990287e-11,4.101122312859284,1.7730473942488198e-09
Isystem,6,zero,1.483845826790467e-14,1.2647892154262092e-10,4.234513130276268e-11,
Isystem,7,positive,1.8596311144227463e-11,9.46022575251492,2.8940394466160446e-11,3.6362910264225273e-10
Isystem,8,negative,1.60255436804859e-14,1.0658047982497343e-10,1.7747676285045715e-11,
Isystem,9,zero,2.438999876090983e-14,5.041289589711762e-11,1.8627279419411135e-11,
Isystem,10,positive,2.245006511406965e-14,3.207031667038736e-11,3.0088047716499627e-11,
Isystem,11,negative,1.2626592658940113e-11,3.410408015909283e-11,6.939497458070931,5.240502827506606e-10
Isystem,12,zero,5.575931116686021e-14,1.8659388735252317e-11,2.6271473794353485e-11,
Isystem,13,positive,1.1744442763857187e-11,5.48375389221994,2.2926927388112884e-11,4.697506159908692e-10
Isystem,14,negative,1.58004422738139e-14,1.0848217785775665e-11,8.92500063139528e-12,
Isystem,15,zero,1.3424265016646289e-14,9.647235764368375e-12,6.8856316172846555e-12,
Isystem,16,positive,3.402495979119838e-15,8.531474066862141e-12,5.6286311995708854e-12,
Isystem,17,negative,1.517719948885609e-14,7.40962371741212e-12,4.710752451892426e-12,
Isystem,18,zero,1.1996803307422617e-14,6.880752295216954e-12,4.2050946565667854e-12,
Isystem,19,positive,2.9393502575236106e-14,6.181709264860938e-12,3.842577345288865e-12,
Isystem,20,negative,9.362222582871232e-15,5.558385576534249e-12,3.5405337130658943e-12,
Isystem,21,zero,5.788913837662868e-15,5.333853815169477e-12,3.1011657979863175e-12,
Isystem,22,positive,1.1799743631601182e-14,4.841763257154295e-12,3.0286799652550457e-12,
Isystem,23,negative,8.621381995605801e-15,4.5112937848804644e-12,2.6996797717361787e-12,
Isystem,24,zero,3.3901718441712686e-14,4.305325824510995e-12,2.672724698725752e-12,
Isystem,25,positive,2.4621933426568e-14,4.012444878590452e-12,2.5102454662062667e-12,
Ifilter,1,positive,1.946356854013698e-12,36.19029938315769,5.733067585225493e-11,1.585057498569215e-10
Ifilter,2,negative,2.2746781289104573e-15,3.5819211570602e-11,7.101013930370145e-11,
Ifilter,3,zero,1.3072375208562875e-14,3.6125849141980444e-11,1.0359415227759728e-10,
Ifilter,4,positive,1.0321566780467003e-14,3.8568166072392414e-11,2.025177627384163e-10,
Ifilter,5,negative,3.481834486895466e-11,1.1335062593853401e-11,19.354154765965312,1.8919424336838579e-10
Ifilter,6,zero,1.2776947279185964e-14,7.071381165307838e-11,1.9682343617701545e-10,
Ifilter,7,positive,8.94439354228534e-12,4.541643048358476,8.950761856448959e-11,1.9806358396296088e-09
Ifilter,8,negative,7.337604619794723e-15,4.31015424052347e-11,6.56591106738395e-11,
Ifilter,9,zero,5.048497687391212e-15,1.7371341127913823e-11,5.045180875598408e-11,
Ifilter,10,positive,3.988913890060275e-15,1.00551762509844e-11,4.4418613331069464e-11,
Ifilter,11,negative,3.7534924778714006e-12,7.506827488525695e-12,2.060518811146772,4.0732088663720096e-10
Ifilter,12,zero,9.36222258287153e-15,6.186829910864118e-12,1.906751812688175e-11,
Ifilter,13,positive,3.248418641989253e-12,1.5162488837505532,1.616891630172435e-11,1.0876842583416982e-09
Ifilter,14,negative,6.4857178094996614e-15,5.3233655037089115e-12,1.7471599518539804e-11,
Ifilter,15,zero,4.782987168225833e-15,5.2107280590787265e-12,1.598917339889855e-11,
Ifilter,16,positive,5.268070320500248e-15,5.10164722436543e-12,1.463454479859013e-11,
Ifilter,17,negative,3.0861016127305484e-15,5.025449747187996e-12,1.346192366030527e-11,
Ifilter,18,zero,5.029744623177335e-15,4.898459465883636e-12,1.2361186960620985e-11,
Ifilter,19,positive,5.739135988399224e-15,4.7683703355254375e-12,1.157647027358065e-11,
Ifilter,20,negative,2.03237874200387e-15,4.6753466515360614e-12,1.0767974114182717e-11,
Ifilter,21,zero,2.9664364327723057e-15,4.537011719009415e-12,1.002148947321985e-11,
Ifilter,22,positive,3.509980037269466e-15,4.518359488128074e-12,9.519240868251179e-12,
Ifilter,23,negative,2.2376495408936446e-15,4.307015499683928e-12,8.897872086771598e-12,
Ifilter,24,zero,1.556073495362677e-15,4.1624956881735036e-12,8.44180203996377e-12,
Ifilter,25,positive,1.0494756331894636e-14,4.131066485794058e-12,7.972310937906646e-12,
Ilinear,1,positive,0.0,0.0,0.0,
Ilinear,2,negative,0.0,0.0,0.0,
Ilinear,3,zero,0.0,0.0,0.0,
Ilinear,4,positive,0.0,0.0,0.0,
Ilinear,5,negative,0.0,0.0,0.0,
Ilinear,6,zero,0.0,0.0,0.0,
Ilinear,7,positive,0.0,0.0,0.0,
Ilinear,8,negative,0.0,0.0,0.0,
Ilinear,9,zero,0.0,0.0,0.0,
Ilinear,10,positive,0.0,0.0,0.0,
Ilinear,11,negative,0.0,0.0,0.0,
Ilinear,12,zero,0.0,0.0,0.0,
Ilinear,13,positive,0.0,0.0,0.0,
Ilinear,14,negative,0.0,0.0,0.0,
Ilinear,15,zero,0.0,0.0,0.0,
Ilinear,16,positive,0.0,0.0,0.0,
Ilinear,17,negative,0.0,0.0,0.0,
Ilinear,18,zero,0.0,0.0,0.0,
Ilinear,19,positive,0.0,0.0,0.0,
Ilinear,20,negative,0.0,0.0,0.0,
Ilinear,21,zero,0.0,0.0,0.0,
Ilinear,22,positive,0.0,0.0,0.0,
Ilinear,23,negative,0.0,0.0,0.0,
Ilinear,24,zero,0.0,0.0,0.0,
Ilinear,25,positive,0.0,0.0,0.0,
Vpcc,1,positive,1.71231593791416e-11,277.9513960072321,1.4272359369672771e-10,5.1716629310076345e-11
Vpcc,2,negative,2.629986403521098e-12,4.04180451938308e-11,2.4909779844677534e-11,
Vpcc,3,zero,4.086429643779513e-12,1.859919190914816e-11,1.1028911815915561e-10,
Vpcc,4,positive,3.706460691857818e-12,1.2867463545874882e-11,3.0199930577654616e-11,
Vpcc,5,negative,1.6945341643304653e-12,3.941573567691187e-11,1.5483065869600077,2.548083455623641e-09
Vpcc,6,zero,1.6558686532653152e-12,4.9875559756151326e-11,4.2947203348559285e-11,
Vpcc,7,positive,1.0542959581980325e-11,4.996862668951039,2.8946376882210366e-11,6.165188862515653e-10
Vpcc,8,negative,5.314002816243735e-13,7.001398332128869e-11,2.553297378214751e-11,
Vpcc,9,zero,2.2418877581880718e-13,2.997524727204981e-11,3.0795701058333616e-11,
Vpcc,10,positive,9.284587694749392e-13,2.6186999440043453e-11,2.3481666356071997e-11,
Vpcc,11,negative,9.387540622036935e-12,1.9537731160512543e-11,5.757981472964452,3.76451320240773e-10
Vpcc,12,zero,1.5304816875837516e-12,1.5725690346915526e-11,3.654216790505596e-10,
Vpcc,13,positive,1.213126431853131e-11,5.377243629477762,1.7667200831572154e-11,3.9855416778593053e-10
Vpcc,14,negative,7.168235105472099e-13,1.5931715368311578e-11,5.177390077001131e-12,
Vpcc,15,zero,4.763484702603361e-13,1.7096155013195203e-11,9.983772126076037e-12,
Vpcc,16,positive,3.4904796667665493e-13,1.0362893472145473e-11,1.0027170328671322e-11,
Vpcc,17,negative,1.5469114559204721e-13,6.700813485003474e-12,1.0903141881859622e-11,
Vpcc,18,zero,4.65908869219824e-13,9.48631956460376e-12,4.780505215202867e-12,
Vpcc,19,positive,9.22638081774732e-13,6.961429162644046e-12,1.9611365479372194e-11,
Vpcc,20,negative,7.848587448930258e-13,9.120407890461324e-12,7.901036017723219e-12,
Vpcc,21,zero,6.324524805919226e-13,8.295968723314325e-12,2.2737024469589174e-12,
Vpcc,22,positive,4.2960341309949254e-13,2.124904046769968e-12,1.8638375536575447e-11,
Vpcc,23,negative,2.544127787100339e-13,1.7751249073715303e-12,4.042947883486068e-12,
Vpcc,24,zero,1.7901979732165172e-13,2.0708606099024785e-11,4.666862229863482e-12,
Vpcc,25,positive,1.3601733916707068e-13,4.983146958015702e-12,2.8039082598817505e-12,
