case,origin,phase,order,frequency_hz,sequence,Iload_rms,Iload_angle_deg,Iload_real,Iload_imag,Isystem_rms,Isystem_angle_deg,Isystem_real,Isystem_imag,Ifilter_rms,Ifilter_angle_deg,Ifilter_real,Ifilter_imag,Ilinear_rms,Ilinear_angle_deg,Ilinear_real,Ilinear_imag,Vpcc_rms,Vpcc_angle_deg,Vpcc_real,Vpcc_imag,filter_magnitude_pct,system_magnitude_pct,filter_projection_pct,system_projection_pct,linear_projection_pct,kcl_error_a,kcl_error_pct,kcl_real_a,kcl_imag_a
detuned_285hz,ANALYTICAL_REFERENCE,A,1,60.0,positive,99.99999999999997,-179.99999999999935,-99.99999999999997,-1.1681487892607286e-12,107.57615348231785,-160.2588554662657,-101.25371268551295,-36.33613167978673,36.35775379404744,88.02389638572511,1.2537126855123197,36.33613167978612,0.0,,0.0,0.0,277.968510420834,-1.7236716682856261,277.8427347415923,-8.361072711707502,36.35775379404745,107.57615348231788,-1.2537126855127447,101.25371268551342,-0.0,8.619434371394606e-13,8.619434371394609e-13,6.601386104421181e-13,-5.542233338928781e-13
detuned_285hz,ANALYTICAL_REFERENCE,A,2,120.0,negative,9.820699276137158e-14,,-3.5170071074516555e-14,9.169339958713246e-14,1.1457157353758233e-13,,-7.034014214903311e-14,9.043732562018544e-14,2.724551544406844e-14,,1.1932702685996689e-14,2.449344235546689e-14,0.0,,0.0,0.0,2.801467360841957e-13,,1.5072887603364239e-13,-2.3614190578603976e-13,,,,,,3.2862601528904634e-14,,2.3237368388519866e-14,-2.3237368388519872e-14
detuned_285hz,ANALYTICAL_REFERENCE,A,3,180.0,zero,1.1535382849852892e-13,,9.42055475210265e-14,6.657192024819206e-14,1.349622106426579e-13,,1.0551021322354968e-13,8.415695578545034e-14,3.4120171933669915e-15,,-3.14018491736755e-15,-1.3345785898812087e-15,0.0,,0.0,0.0,3.162114758489541e-13,,-3.0145775206728477e-13,-9.546162148797351e-14,,,,,,1.8186151255549683e-14,,-8.164480785155633e-15,-1.6250456947377074e-14
detuned_285hz,ANALYTICAL_REFERENCE,A,4,240.0,positive,1.289190287802731e-13,,1.2309524876080795e-13,-3.8310255991884105e-14,8.093883732429007e-14,,8.038873388460928e-14,-9.420554752102649e-15,4.346888237732731e-14,,4.317754261380381e-14,5.02429586778808e-15,0.0,,0.0,0.0,3.4840861103125513e-13,,-3.466764148773775e-13,-3.4699043336911425e-14,,,,,,3.391726797579411e-14,,-4.710277376051363e-16,-3.391399710756954e-14
detuned_285hz,ANALYTICAL_REFERENCE,A,5,300.0,negative,20.00000000000001,6.038093139528569e-12,20.00000000000001,2.1076921165370993e-12,6.375228732261552,-5.450746642078672,6.346401368146745,-0.6055832420389069,13.667021865160999,2.539597009536295,13.653598631853384,0.6055832420404418,0.0,,0.0,0.0,2.406784397501221,81.51246470448135,0.3552275310822931,2.380425284947312,68.33510932580495,31.876143661307744,68.2679931592672,31.73200684073339,0.0,5.84998677787997e-13,2.9249933889399833e-12,-1.1901590823981678e-13,5.727640584041183e-13
detuned_285hz,ANALYTICAL_REFERENCE,A,6,360.0,zero,9.636889339578156e-14,,-7.567845650855795e-14,5.966351342998344e-14,3.6815236557475097e-14,,-3.642614504146358e-14,5.338314359524835e-15,4.986866755498124e-14,,-2.5749516322413908e-14,4.270651487619868e-14,0.0,,0.0,0.0,3.044781331747377e-13,,2.7382412479445036e-13,-1.3314384049638411e-13,,,,,,1.781345837071375e-14,,-1.3502795144680464e-14,1.1618684194259928e-14
detuned_285hz,ANALYTICAL_REFERENCE,A,7,420.0,positive,14.000000000000012,20.00000000001416,13.155696691001546,4.788282006562618,10.041117282115874,20.206217963900965,9.423142182471345,3.4682023704125506,3.959112704246638,19.476983050928535,3.7325545085300043,1.3200796361505873,0.0,,0.0,0.0,5.30338046770539,108.03608808385401,-1.6420112431425629,5.042781322111088,28.279376458904533,71.7222663008276,28.27819824788805,71.72180175211192,0.0,5.563621242686851e-13,3.974015173347747e-12,1.971756091734278e-13,-5.202505093393484e-13
detuned_285hz,ANALYTICAL_REFERENCE,A,8,480.0,negative,1.0965721766439742e-13,,6.877004969034935e-14,8.541302975239736e-14,1.4922586928221035e-13,,1.186989898764934e-13,9.043732562018544e-14,4.577566798522237e-14,,-4.4276607334882455e-14,-1.1618684194259935e-14,0.0,,0.0,0.0,2.3949875603107045e-13,,6.280369834735099e-14,-2.311176099182517e-13,,,,,,8.685322334937215e-15,,-5.652332851261592e-15,6.594388326471852e-15
detuned_285hz,ANALYTICAL_REFERENCE,A,9,540.0,zero,1.1044883448157216e-13,,-1.0551021322354968e-13,3.265792314062252e-14,9.726466164986636e-14,,-9.043732562018544e-14,3.579810805799007e-14,1.3352249420226864e-14,,1.004859173557616e-14,-8.792517768629139e-15,0.0,,0.0,0.0,2.6295181753055382e-14,,2.009718347115232e-14,-1.695699855378477e-14,,,,,,2.5749516322413904e-14,,-2.5121479338940396e-14,5.6523328512615885e-15
detuned_285hz,ANALYTICAL_REFERENCE,A,10,600.0,positive,1.2727011026514838e-13,,5.966351342998344e-14,1.1241862004175828e-13,7.705427699450527e-14,,8.16448078515563e-15,7.662051198376821e-14,6.358389842764979e-14,,6.091958739693047e-14,-1.821307252073179e-14,0.0,,0.0,0.0,2.1861822157295174e-13,,-9.169339958713246e-14,-1.9845968677762915e-13,,,,,,5.482658551601281e-14,,-9.420554752102663e-15,5.4011180578721856e-14
detuned_285hz,ANALYTICAL_REFERENCE,A,11,660.0,negative,8.999999999999941,-10.000000000005835,8.863269777109656,-1.5628335990032658,7.1347404298663655,-9.83975425230203,7.029785278093693,-1.219278452801847,1.8653942067598484,-10.612917165820917,1.8334844990160644,-0.34355514620074507,0.0,,0.0,0.0,5.919134552363366,78.7788609620377,1.1518414302830093,5.805980982440905,20.726602297331784,79.27489366518235,20.72541638582882,79.27458361417101,0.0,6.814372409520934e-13,7.571524899467754e-12,-1.021405182655144e-13,-6.737388424937762e-13
detuned_285hz,ANALYTICAL_REFERENCE,A,12,720.0,zero,4.52883909360294e-14,,-1.507288760336424e-14,4.270651487619868e-14,1.31065766209536e-13,,-1.2811954462859604e-13,-2.7633627272834437e-14,4.463731716025571e-14,,2.1824285175704473e-14,3.893829297535762e-14,0.0,,0.0,0.0,2.4686886821499887e-13,,2.4116620165382783e-13,5.275510661177484e-14,,,,,,9.647588951328566e-14,,9.122237184952734e-14,3.140184917367549e-14
detuned_285hz,ANALYTICAL_REFERENCE,A,13,780.0,positive,7.0000000000000435,30.000000000069008,6.062177826486892,3.500000000007323,5.620491066663971,30.135143002142748,4.860846012670236,2.82171860247569,1.3795882650723688,29.449414697838282,1.201331813816841,0.6782813975312364,0.0,,0.0,0.0,5.510222267339838,118.96621462858647,-2.6685664945389798,4.820923386625401,19.708403786748,80.2927295237705,19.707493827220222,80.29250617277923,0.0,4.3749793130886924e-13,6.249970447269521e-12,-1.8451906669270102e-13,3.9668268669856843e-13
detuned_285hz,ANALYTICAL_REFERENCE,A,14,840.0,negative,1.1519129679046948e-13,,1.1241862004175828e-13,2.51214793389404e-14,1.512721955239994e-13,,1.2309524876080795e-13,8.79251776862914e-14,4.139122277508868e-14,,-3.5170071074516555e-14,-2.1824285175704473e-14,0.0,,0.0,0.0,4.623444307582486e-13,,-3.1150634380286096e-13,-3.4165211900958944e-13,,,,,,4.774139736447914e-14,,2.4493442355466887e-14,-4.097941317164652e-14
detuned_285hz,ANALYTICAL_REFERENCE,A,15,900.0,zero,1.132209773400735e-14,,-3.76822190084106e-15,1.067662871904967e-14,7.07427281260915e-14,,7.034014214903311e-14,7.53644380168212e-15,8.566217830681833e-14,,-7.285229008292716e-14,4.506165356422434e-14,0.0,,0.0,0.0,1.5754718008370228e-13,,-1.5072887603364239e-13,-4.584669979356623e-14,,,,,,4.1940282012879204e-14,,-1.2560739669470176e-15,-4.192146864685679e-14
detuned_285hz,ANALYTICAL_REFERENCE,A,16,960.0,positive,1.0409511705222208e-13,,1.0299806528965563e-13,-1.507288760336424e-14,1.2409095402129096e-13,,6.531584628124504e-14,-1.0551021322354968e-13,1.1085564392102944e-13,,4.019436694230464e-14,1.0331208378139239e-13,0.0,,0.0,0.0,3.7625233900580857e-13,,-3.1150634380286096e-13,2.1102042644709936e-13,,,,,,1.3117556363566082e-14,,-2.5121479338940478e-15,-1.2874758161206946e-14
detuned_285hz,ANALYTICAL_REFERENCE,A,17,1020.0,negative,5.96734289794683e-14,,3.893829297535762e-14,-4.521866281009272e-14,3.056159864571351e-14,,3.014577520672848e-14,-5.02429586778808e-15,2.0387636972969884e-14,,-1.0833637964918047e-14,1.7271017045521523e-14,0.0,,0.0,0.0,3.0812495462905824e-13,,-1.2560739669470198e-13,2.8136056859613244e-13,,,,,,6.072442956295065e-14,,1.962615573354719e-14,-5.746538398782616e-14
detuned_285hz,ANALYTICAL_REFERENCE,A,18,1080.0,zero,3.5198097273142463e-14,,-3.391399710756954e-14,9.420554752102649e-15,3.180125281326723e-14,,3.1401849173675496e-14,5.02429586778808e-15,3.59551226603416e-14,,-3.45224079353095e-14,1.004859173557616e-14,0.0,,0.0,0.0,1.3264521713974252e-13,,-1.2058310082691391e-13,5.5267254545668874e-14,,,,,,3.130790174742447e-14,,-3.079343834593554e-14,-5.65233285126159e-15
detuned_285hz,ANALYTICAL_REFERENCE,A,19,1140.0,positive,1.7931968162647086e-13,,1.1430273099217881e-13,1.3816813636417219e-13,1.2265869388011245e-13,,7.034014214903311e-14,1.004859173557616e-13,3.6210294559565156e-14,,2.637755330588742e-14,2.4807460847203644e-14,0.0,,0.0,0.0,3.162114758489541e-13,,-2.260933140504636e-13,-2.210690181826755e-13,,,,,,2.1794331202315008e-14,,1.7585035537258284e-14,1.2874758161206946e-14
detuned_285hz,ANALYTICAL_REFERENCE,A,20,1200.0,negative,1.805234928290453e-13,,1.2811954462859604e-13,1.2717748915338577e-13,1.2673904588606557e-13,,4.270651487619868e-14,1.1932702685996688e-13,8.695987947006721e-14,,8.541302975239736e-14,1.632896157031126e-14,0.0,,0.0,0.0,4.2066290335514176e-13,,-2.0599613057931126e-13,-3.6677359834852984e-13,,,,,,8.478499276892372e-15,,1.262177448353619e-29,-8.478499276892372e-15
detuned_285hz,ANALYTICAL_REFERENCE,A,21,1260.0,zero,9.607198689254525e-14,,5.063548179255174e-14,-8.164480785155629e-14,7.26028137794039e-14,,6.280369834735099e-14,-3.642614504146358e-14,3.770314776259753e-14,,-3.265792314062252e-14,-1.8841109504205298e-14,0.0,,0.0,0.0,1.24130679653458e-13,,-4.019436694230464e-14,1.1744291590954636e-13,,,,,,3.340064961012078e-14,,2.0489706585823266e-14,-2.6377553305887416e-14
detuned_285hz,ANALYTICAL_REFERENCE,A,22,1320.0,positive,1.8843726143271344e-13,,-1.5261298698406293e-13,1.1053450909133775e-13,2.27040364232358e-13,,-2.0599613057931126e-13,9.546162148797351e-14,6.903712788074497e-14,,5.825043021716805e-14,3.705418202493709e-14,0.0,,0.0,0.0,6.169868057126111e-13,,5.325753619855365e-13,-3.1150634380286096e-13,,,,,,2.2513724336674918e-14,,-4.867286621919717e-15,-2.1981294421572852e-14
detuned_285hz,ANALYTICAL_REFERENCE,A,23,1380.0,negative,1.0710010267206153e-13,,-1.004859173557616e-13,3.705418202493709e-14,1.3439734653057202e-13,,-1.2058310082691391e-13,5.93494949382467e-14,6.793258640404412e-15,,3.76822190084106e-15,5.65233285126159e-15,0.0,,0.0,0.0,2.176490233346379e-13,,1.5072887603364239e-13,-1.5700924586837749e-13,,,,,,3.236828524569469e-14,,1.632896157031126e-14,-2.79476457645712e-14
detuned_285hz,ANALYTICAL_REFERENCE,A,24,1440.0,zero,9.166973760662144e-14,,3.328596012409603e-14,-8.541302975239736e-14,9.336440972175736e-14,,-5.1499032644827815e-14,-7.787658595071524e-14,8.178961105344724e-14,,8.038873388460928e-14,-1.507288760336424e-14,0.0,,0.0,0.0,2.7298449456444977e-13,,-7.913265991766226e-14,2.6126338512498016e-13,,,,,,8.72496861620875e-15,,4.396258884314568e-15,7.536443801682121e-15
detuned_285hz,ANALYTICAL_REFERENCE,A,25,1500.0,positive,6.396118084022657e-14,,-2.135325743809934e-14,6.029155041345696e-14,3.5170071074516555e-14,,0.0,3.5170071074516555e-14,3.147712339076731e-14,,-2.7633627272834437e-14,-1.507288760336424e-14,0.0,,0.0,0.0,1.6357922210689449e-13,,1.1053450909133775e-13,-1.2058310082691391e-13,,,,,,4.0682062130055336e-14,,6.280369834735097e-15,4.019436694230464e-14
detuned_285hz,ANALYTICAL_REFERENCE,B,1,60.0,positive,100.0,59.99999999999867,50.000000000002004,86.60254037844271,107.57615348231784,79.74114453373235,19.158843232808263,105.85635325303758,36.35775379404742,-31.976103614275505,30.84115676719492,-19.25381287459386,0.0,,0.0,0.0,277.9685104208339,-121.72367166828641,-146.16226874202687,-236.4383301873044,36.35775379404742,107.57615348231784,-1.2537126855118688,101.25371268551334,0.0,1.5544858002241512e-12,1.5544858002241512e-12,-1.1795009413617663e-12,-1.0125233984581428e-12
detuned_285hz,ANALYTICAL_REFERENCE,B,2,120.0,negative,5.67600910580895e-14,,5.1499032644827815e-14,-2.3865405371993378e-14,1.352833064392184e-14,,1.25607396694702e-14,-5.02429586778808e-15,4.551426959877942e-14,,2.135325743809934e-14,-4.019436694230464e-14,0.0,,0.0,0.0,8.987733679556354e-14,,-8.038873388460928e-14,4.019436694230464e-14,,,,,,2.766215967823881e-14,,1.7585035537258274e-14,2.135325743809934e-14
detuned_285hz,ANALYTICAL_REFERENCE,B,3,180.0,zero,1.084178118126615e-13,,-4.7730810743986756e-14,-9.734573243839404e-14,1.0534606695203359e-13,,-4.521866281009272e-14,-9.514760299623675e-14,2.926993569718359e-14,,-2.9242972042985307e-14,1.25607396694702e-15,0.0,,0.0,0.0,3.0109706923527524e-13,,2.009718347115232e-13,2.2420920310004305e-13,,,,,,2.6953079207070998e-14,,2.6730824109091272e-14,-3.45420340910431e-15
detuned_285hz,ANALYTICAL_REFERENCE,B,4,240.0,positive,7.465983629965759e-14,,7.285229008292716e-14,-1.632896157031126e-14,1.379624438793854e-13,,1.3565598843027815e-13,2.51214793389404e-14,7.210263920712455e-14,,-6.877004969034935e-14,-2.1667275929836094e-14,0.0,,0.0,0.0,1.6701533345359333e-13,,-1.6077746776921855e-13,-4.521866281009272e-14,,,,,,2.0663275755573522e-14,,5.9663513429983555e-15,-1.978316497941556e-14
detuned_285hz,ANALYTICAL_REFERENCE,B,5,300.0,negative,19.999999999999954,120.00000000001012,-10.000000000003036,17.320508075686966,6.375228732261418,114.54925335791222,-2.64875021236056,5.798936428447152,13.667021865161027,122.53959700954042,-7.351249787640697,11.521571647240762,0.0,,0.0,0.0,2.4067843975011542,-158.48753529551863,-2.2391225341162673,-0.8825765764327417,68.33510932580529,31.87614366130716,68.26799315926753,31.73200684073211,0.0,2.0161127777611196e-12,1.0080563888805621e-11,-1.7790213746593508e-12,-9.485745522397337e-13
detuned_285hz,ANALYTICAL_REFERENCE,B,6,360.0,zero,5.862650393847435e-14,,-4.207847789272517e-14,4.0822403925778147e-14,1.2420691725083073e-13,,-1.0237002830618213e-13,7.034014214903311e-14,5.087487228514819e-14,,4.4590625826619206e-14,-2.449344235546689e-14,0.0,,0.0,0.0,1.8082666982890254e-13,,6.280369834735099e-14,-1.695699855378477e-13,,,,,,1.648522313614949e-14,,1.570092458683775e-14,-5.0242958677880734e-15
detuned_285hz,ANALYTICAL_REFERENCE,B,7,420.0,positive,14.000000000000124,-99.99999999998975,-2.431074487334577,-13.78730854217147,10.041117282115971,-99.79378203610335,-1.708019732993757,-9.894781698699166,3.959112704246663,-100.5230169490743,-0.7230547543402724,-3.892526843472406,0.0,,0.0,0.0,5.303380467705584,-11.963911916120118,5.188182352249849,-1.0993672111921151,28.279376458904483,71.72226630082773,28.278198247887993,71.72180175211203,-0.0,5.568978845307899e-13,3.97784203236275e-12,-5.474509734426647e-13,1.021405182655144e-13
detuned_285hz,ANALYTICAL_REFERENCE,B,8,480.0,negative,1.6243257199107298e-13,,-1.5857933832706127e-13,-3.5170071074516555e-14,1.8086436084516285e-13,,-1.7789147556887169e-13,-3.265792314062252e-14,2.121484853426664e-14,,1.8684100258336923e-14,-1.004859173557616e-14,0.0,,0.0,0.0,4.322062729257126e-13,,3.517007107451656e-13,2.5121479338940397e-13,,,,,,7.562566735475687e-15,,6.280369834734899e-16,7.536443801682124e-15
detuned_285hz,ANALYTICAL_REFERENCE,B,9,540.0,zero,1.0421629883604046e-13,,1.004859173557616e-13,-2.7633627272834437e-14,1.624371249371042e-13,,1.3816813636417219e-13,-8.541302975239736e-14,1.9142254059414216e-14,,-1.444485061989073e-14,1.25607396694702e-14,0.0,,0.0,0.0,3.2854438875622496e-13,,-3.0145775206728477e-13,1.3063169256249008e-13,,,,,,5.083997202946363e-14,,-2.323736838851986e-14,4.521866281009272e-14
detuned_285hz,ANALYTICAL_REFERENCE,B,10,600.0,positive,8.720955563955665e-14,,5.02429586778808e-14,-7.128219762424338e-14,1.577660904045396e-13,,9.546162148797351e-14,-1.2560739669470198e-13,4.000255424645809e-14,,-3.705418202493709e-14,1.507288760336424e-14,0.0,,0.0,0.0,4.970261038553012e-13,,-4.220408528941987e-13,2.625194590919272e-13,,,,,,4.0092426990654524e-14,,-8.164480785155627e-15,3.9252311467094365e-14
detuned_285hz,ANALYTICAL_REFERENCE,B,11,660.0,negative,9.000000000000078,109.99999999999916,-3.0781812899309218,8.457233587073294,7.134740429866539,110.16024574770023,-2.458966524633785,6.697611860379983,1.865394206759835,109.38708283418158,-0.6192147652973825,1.7596217266932292,0.0,,0.0,0.0,5.919134552363461,-161.22113903796236,-5.604047739824753,-1.9054665514639908,20.726602297331322,79.27489366518307,20.725416385828346,79.27458361417173,0.0,2.590293789648717e-13,2.8781042107207717e-12,2.4580337765200966e-13,8.171241461241152e-14
detuned_285hz,ANALYTICAL_REFERENCE,B,12,720.0,zero,8.226085852327241e-14,,8.164480785155629e-14,1.004859173557616e-14,8.136412426011067e-14,,1.25607396694702e-14,8.038873388460928e-14,4.182727488681503e-14,,2.51214793389404e-14,-3.344296936996441e-14,0.0,,0.0,0.0,2.034684749684793e-13,,-1.7082605950479472e-13,-1.1053450909133775e-13,,,,,,5.739434272539347e-14,,4.396258884314569e-14,-3.68971727790687e-14
detuned_285hz,ANALYTICAL_REFERENCE,B,13,780.0,positive,6.999999999999996,-89.9999999999576,5.181305113656457e-12,-6.999999999999996,5.620491066663903,-89.86485699788395,0.01325698573733503,-5.620475432094504,1.3795882650723783,-90.55058530218824,-0.013256985732596727,-1.3795245679054435,0.0,,0.0,0.0,5.51022226733996,-1.033785371395759,5.509325369785748,-0.09941531735224932,19.708403786748274,80.2927295237701,19.707493827220496,80.29250617277883,-0.0,4.455902616466438e-13,6.36557516638063e-12,4.4300153823062516e-13,-4.796163466380676e-14
detuned_285hz,ANALYTICAL_REFERENCE,B,14,840.0,negative,6.876359695285539e-14,,-6.782799421513907e-14,-1.130466570252318e-14,1.9660667424029525e-14,,-1.7585035537258278e-14,-8.792517768629139e-15,1.9525135060830013e-14,,6.162612900333816e-15,-1.8527091012468544e-14,0.0,,0.0,0.0,3.470039316390165e-13,,2.8638486446392056e-13,1.9594753884373512e-13,,,,,,5.86350313965557e-14,,-5.6405571578214614e-14,1.6014943078574502e-14
detuned_285hz,ANALYTICAL_REFERENCE,B,15,900.0,zero,1.2600283007175368e-13,,-8.541302975239736e-14,9.263545506234272e-14,1.3039596600790104e-13,,-1.0551021322354968e-13,7.662051198376821e-14,1.866033584759964e-14,,1.1618684194259935e-14,-1.4601859865759106e-14,0.0,,0.0,0.0,3.370400129833633e-13,,3.0145775206728477e-13,-1.5072887603364239e-13,,,,,,3.176906628342136e-14,,8.478499276892384e-15,3.0616802944333615e-14
detuned_285hz,ANALYTICAL_REFERENCE,B,16,960.0,positive,1.1766939537721438e-13,,3.265792314062252e-14,1.130466570252318e-13,1.6852000649168164e-13,,7.536443801682119e-14,1.5072887603364239e-13,6.709128352618611e-14,,-5.275510661177484e-14,-4.1450440909251656e-14,0.0,,0.0,0.0,6.004401438509318e-13,,-5.5267254545668874e-14,-5.978912082667815e-13,,,,,,1.0731900677991195e-14,,1.0048591735576166e-14,3.768221900841065e-15
detuned_285hz,ANALYTICAL_REFERENCE,B,17,1020.0,negative,5.849853508292962e-14,,-5.65233285126159e-14,-1.507288760336424e-14,4.4777099037704015e-14,,-4.4590625826619206e-14,4.082240392577815e-15,1.2932072993408848e-14,,-6.2803698347351e-15,1.130466570252318e-14,0.0,,0.0,0.0,5.5095705488635436e-14,,3.7682219008410597e-14,-4.019436694230464e-14,,,,,,3.0979798237149854e-14,,-5.6523328512615925e-15,-3.045979369846523e-14
detuned_285hz,ANALYTICAL_REFERENCE,B,18,1080.0,zero,1.2475666579389881e-13,,-6.657192024819206e-14,-1.0551021322354968e-13,8.204240168229038e-14,,-6.845603119861259e-14,-4.521866281009272e-14,3.657742603375524e-14,,-1.004859173557616e-14,-3.5170071074516555e-14,0.0,,0.0,0.0,1.9019465205366505e-13,,1.8589894710815895e-13,-4.019436694230464e-14,,,,,,2.7811474566610134e-14,,1.1932702685996692e-14,-2.5121479338940402e-14
detuned_285hz,ANALYTICAL_REFERENCE,B,19,1140.0,positive,2.4428943382792783e-14,,7.53644380168212e-15,-2.323736838851987e-14,5.063396036227354e-15,,5.02429586778808e-15,6.2803698347351e-16,3.881940489113306e-14,,-3.061680294433361e-14,-2.3865405371993378e-14,0.0,,0.0,0.0,9.782066642755442e-14,,4.019436694230464e-14,8.918125165323841e-14,,,,,,3.312895087822765e-14,,3.312895087822765e-14,0.0
detuned_285hz,ANALYTICAL_REFERENCE,B,20,1200.0,negative,4.949951486243539e-14,,4.019436694230464e-14,-2.888970123978146e-14,1.345747853025392e-13,,1.3157374803770033e-13,2.826166425630795e-14,7.932743566106976e-14,,-6.782799421513907e-14,-4.1136422417514904e-14,0.0,,0.0,0.0,2.126239126366649e-13,,-1.8935315051726326e-13,9.671769545492053e-14,,,,,,2.8480628957126365e-14,,-2.3551386880256614e-14,-1.6014943078574502e-14
detuned_285hz,ANALYTICAL_REFERENCE,B,21,1260.0,zero,6.908406818208609e-14,,-5.5267254545668874e-14,4.1450440909251656e-14,8.101433657963767e-14,,-8.038873388460928e-14,1.004859173557616e-14,4.3692601097152e-14,,1.3816813636417219e-14,4.1450440909251656e-14,0.0,,0.0,0.0,2.420021355352219e-13,,2.4116620165382783e-13,2.009718347115232e-14,,,,,,1.512513347095137e-14,,1.1304665702523183e-14,-1.004859173557616e-14
detuned_285hz,ANALYTICAL_REFERENCE,B,22,1320.0,positive,2.046023261813367e-13,,1.9594753884373512e-13,5.887846720064156e-14,1.6348394997473142e-13,,1.450765431823808e-13,7.536443801682119e-14,5.878067389914202e-14,,3.4306520222240484e-14,-4.7730810743986756e-14,0.0,,0.0,0.0,4.893302155982008e-13,,-4.87042680683707e-13,-4.7259783006381626e-14,,,,,,3.536413251710405e-14,,1.6564475439113834e-14,3.1244839927807124e-14
detuned_285hz,ANALYTICAL_REFERENCE,B,23,1380.0,negative,1.060102255565987e-13,,1.0551021322354968e-13,1.0284105604378726e-14,6.740800259667266e-14,,6.029155041345696e-14,3.014577520672848e-14,3.118126145114878e-14,,2.951773822325497e-14,-1.004859173557616e-14,0.0,,0.0,0.0,1.9407054145045298e-13,,-1.8087465124037088e-13,7.034014214903311e-14,,,,,,1.851527828850887e-14,,1.570092458683775e-14,-9.813077866773591e-15
detuned_285hz,ANALYTICAL_REFERENCE,B,24,1440.0,zero,1.7128722890799497e-13,,1.7082605950479472e-13,-1.25607396694702e-14,2.1073290598679936e-13,,2.0348398264541722e-13,-5.4796226808063744e-14,4.626207556805687e-14,,-3.4542034091043046e-14,3.077381219020199e-14,0.0,,0.0,0.0,3.8895319636129065e-13,,-3.868707818196821e-13,4.019436694230464e-14,,,,,,1.1615501138396103e-14,,1.884110950420539e-15,1.1461674948391556e-14
detuned_285hz,ANALYTICAL_REFERENCE,B,25,1500.0,positive,8.290088181850331e-14,,-8.290088181850331e-14,0.0,1.1030815837085881e-13,,-1.0299806528965563e-13,-3.948782533589694e-14,2.032178257090213e-14,,1.7663540160192467e-14,-1.004859173557616e-14,0.0,,0.0,0.0,1.9818920806331663e-13,,1.7082605950479472e-13,1.004859173557616e-13,,,,,,4.95961615051398e-14,,2.433643310959852e-15,4.95364170714731e-14
detuned_285hz,ANALYTICAL_REFERENCE,C,1,60.0,positive,99.99999999999986,-59.999999999998636,50.00000000000199,-86.60254037844255,107.57615348231806,-40.25885546626497,82.09486945270935,-69.52022157325064,36.35775379404749,-151.9761036142762,-32.094869452707904,-17.082318805191868,0.0,,0.0,0.0,277.9685104208336,118.27632833171504,-131.68046599957123,244.79940289901208,36.35775379404754,107.57615348231822,-1.253712685514021,101.2537126855137,-0.0,5.49374072422714e-13,5.493740724227147e-13,5.471179065352771e-13,-4.973799150320701e-14
detuned_285hz,ANALYTICAL_REFERENCE,C,2,120.0,negative,6.911831625566733e-14,,2.260933140504636e-14,-6.531584628124504e-14,1.0822664515137472e-13,,4.019436694230464e-14,-1.004859173557616e-13,4.741997652159178e-14,,-2.888970123978146e-14,3.760371438547641e-14,0.0,,0.0,0.0,1.71710410847859e-13,,-6.029155041345696e-14,1.6077746776921855e-13,,,,,,1.1563653679126835e-14,,1.1304665702523183e-14,-2.433643310959852e-15
detuned_285hz,ANALYTICAL_REFERENCE,C,3,180.0,zero,4.016491691983153e-14,,-3.579810805799007e-14,1.821307252073179e-14,8.642018384348992e-14,,-8.486349739185803e-14,-1.632896157031126e-14,4.78834441224195e-14,,4.584669979356623e-14,1.3816813636417219e-14,0.0,,0.0,0.0,1.5504247645047042e-13,,1.004859173557616e-13,-1.1807095289301988e-13,,,,,,2.097366742488516e-14,,3.2186895403017333e-15,2.0725220454625834e-14
detuned_285hz,ANALYTICAL_REFERENCE,C,4,240.0,positive,1.8336959187428107e-13,,-1.8087465124037088e-13,3.014577520672848e-14,2.009757599043383e-13,,-2.009718347115232e-13,-1.25607396694702e-15,3.376246448416291e-14,,2.449344235546689e-14,2.323736838851987e-14,0.0,,0.0,0.0,4.874327951709631e-13,,4.871996899295754e-13,1.507288760336424e-14,,,,,,9.272854936269107e-15,,-4.3962588843145836e-15,8.164480785155627e-15
detuned_285hz,ANALYTICAL_REFERENCE,C,5,300.0,negative,19.999999999999947,-119.99999999999815,-9.999999999999414,-17.320508075689048,6.375228732261502,-125.45074664208333,-3.697651155785601,-5.193353186407603,13.66702186516098,-117.46040299045448,-6.302348844211569,-12.127154889282703,0.0,,0.0,0.0,2.4067843975013385,-38.4875352955292,1.8838950030338537,-1.4978487085149677,68.33510932580508,31.876143661307594,68.26799315926662,31.732006840733224,-0.0,2.5719984713177428e-12,1.2859992356588749e-11,-2.2435386881625163e-12,1.2576606422953773e-12
detuned_285hz,ANALYTICAL_REFERENCE,C,6,360.0,zero,1.6861009380463386e-13,,1.325158035129106e-13,-1.0425413925660266e-13,1.81466662333696e-13,,1.367158008398897e-13,-1.1932702685996688e-13,2.5651678357711342e-14,,-1.632896157031126e-14,-1.9783164979415565e-14,0.0,,0.0,0.0,5.118759558970691e-13,,-3.8561470785273514e-13,3.3662782314180136e-13,,,,,,3.6906045240170876e-14,,1.212896424333216e-14,3.4856052582779785e-14
detuned_285hz,ANALYTICAL_REFERENCE,C,7,420.0,positive,14.000000000000101,140.0000000000176,-10.724622203668533,8.999026535608325,10.041117282115902,140.2062179639043,-7.715122449478743,6.426579328286221,3.9591127042467003,139.47698305090665,-3.0094997541889934,2.572447207323021,0.0,,0.0,0.0,5.303380467705779,-131.96391191612747,-3.546171109105583,-3.943414110918107,28.279376458904796,71.72226630082734,28.2781982478882,71.72180175211167,-0.0,1.2144905398823548e-12,8.674932427731044e-12,-7.962519532611623e-13,-9.170442183403793e-13
detuned_285hz,ANALYTICAL_REFERENCE,C,8,480.0,negative,1.0135551853865988e-13,,8.729714070281789e-14,-5.1499032644827815e-14,1.0557748145685657e-13,,8.666910371934438e-14,-6.029155041345696e-14,2.7655475036872153e-14,,1.8998118750073677e-14,2.009718347115232e-14,0.0,,0.0,0.0,3.7644570318221876e-13,,-3.711698572328444e-13,-6.280369834735099e-14,,,,,,2.1569779107755823e-14,,-1.8370081766600162e-14,-1.1304665702523177e-14
detuned_285hz,ANALYTICAL_REFERENCE,C,9,540.0,zero,5.215567340502509e-14,,-4.066539467990977e-14,3.265792314062252e-14,5.17892563931115e-14,,-5.02429586778808e-14,1.25607396694702e-14,3.5527136788005005e-15,,-2.51214793389404e-15,-2.51214793389404e-15,0.0,,0.0,0.0,2.717833220632334e-13,,2.028559456619437e-13,-1.8087465124037088e-13,,,,,,2.5638701238141846e-14,,1.208971193186507e-14,2.260933140504636e-14
detuned_285hz,ANALYTICAL_REFERENCE,C,10,600.0,positive,1.594224596611486e-13,,-1.5700924586837749e-13,2.7633627272834437e-14,1.9860273225978184e-13,,-1.9845968677762915e-13,7.53644380168212e-15,4.4822496162919123e-14,,-3.940932071296275e-14,2.135325743809934e-14,0.0,,0.0,0.0,4.523261703440578e-13,,4.42138036365351e-13,-9.546162148797351e-14,,,,,,8.086951694805517e-14,,8.085976162221441e-14,-1.2560739669470207e-15
detuned_285hz,ANALYTICAL_REFERENCE,C,11,660.0,negative,9.000000000000037,-130.0000000000075,-5.785088487179781,-6.894399988070074,7.134740429866417,-129.839754252303,-4.570818753460358,-5.478333407578031,1.8653942067599132,-130.61291716582514,-1.214269733718901,-1.4160665804924835,0.0,,0.0,0.0,5.919134552362952,-41.22113903796241,4.452206309541334,-3.900514430976676,20.726602297332285,79.27489366518209,20.725416385829305,79.27458361417072,-0.0,6.830434562199126e-13,7.589371735776775e-12,-5.218048215738236e-13,4.4075854077618715e-13
detuned_285hz,ANALYTICAL_REFERENCE,C,12,720.0,zero,4.52883909360294e-14,,3.7682219008410597e-14,-2.51214793389404e-14,9.220814951224248e-14,,7.285229008292716e-14,5.65233285126159e-14,3.6252479475178045e-14,,-3.5170071074516555e-14,-8.792517768629139e-15,0.0,,0.0,0.0,1.9793430222398625e-13,,-1.8087465124037088e-13,8.038873388460928e-14,,,,,,7.285229008292716e-14,,-6.310887241768095e-30,-7.285229008292716e-14
detuned_285hz,ANALYTICAL_REFERENCE,C,13,780.0,positive,6.999999999999858,150.00000000005133,-6.062177826494082,3.4999999999944995,5.620491066663825,150.1351430021198,-4.874102998408943,2.7987568296207543,1.3795882650723277,149.4494146978193,-1.1880748280846152,0.7012431703745765,0.0,,0.0,0.0,5.510222267339895,-121.03378537137931,-2.840758875243824,-4.721508069273191,19.70840378674794,80.29272952377056,19.70749382722015,80.29250617277928,-0.0,9.828291448663845e-13,1.4040416355234351e-11,-5.242473122279989e-13,-8.313350008393172e-13
detuned_285hz,ANALYTICAL_REFERENCE,C,14,840.0,negative,6.591696189872021e-14,,-3.391399710756954e-14,-5.65233285126159e-14,1.050174741909286e-13,,-5.338314359524835e-14,-9.043732562018544e-14,4.5492870174903366e-14,,3.014577520672848e-14,3.4071006353437916e-14,0.0,,0.0,0.0,1.779773041380403e-13,,-1.7585035537258278e-14,1.7710642933952982e-13,,,,,,1.0677783136387642e-14,,-1.0676628719049668e-14,-1.5700924586837246e-16
detuned_285hz,ANALYTICAL_REFERENCE,C,15,900.0,zero,1.5822801016540193e-13,,1.0551021322354968e-13,-1.179139436471515e-13,8.968623205423476e-14,,3.265792314062252e-14,-8.352891880197683e-14,5.6105724978964936e-14,,4.270651487619868e-14,-3.6386892729996484e-14,0.0,,0.0,0.0,3.0910650727600177e-13,,-2.210690181826755e-13,2.1604472231488743e-13,,,,,,3.0212170359689263e-14,,3.014577520672848e-14,2.0018678848218104e-15
detuned_285hz,ANALYTICAL_REFERENCE,C,16,960.0,positive,1.7547762414164653e-13,,-1.3314384049638411e-13,-1.1430273099217881e-13,1.561780368343567e-13,,-1.5324102396753642e-13,-3.014577520672848e-14,5.912893988513175e-14,,1.25607396694702e-14,-5.777940247956292e-14,0.0,,0.0,0.0,5.152537282608445e-13,,3.717978942163179e-13,3.5672500661295365e-13,,,,,,2.743306952531643e-14,,7.536443801682107e-15,-2.637755330588742e-14
detuned_285hz,ANALYTICAL_REFERENCE,C,17,1020.0,negative,2.0253584144909416e-14,,-2.009718347115232e-14,2.51214793389404e-15,1.608559532353378e-14,,-1.25607396694702e-14,1.004859173557616e-14,1.708445301822023e-14,,1.004859173557616e-14,-1.3816813636417219e-14,0.0,,0.0,0.0,6.550880341146755e-14,,5.5267254545668874e-14,-3.5170071074516555e-14,,,,,,1.867288194435147e-14,,-1.7585035537258278e-14,6.280369834735099e-15
detuned_285hz,ANALYTICAL_REFERENCE,C,18,1080.0,zero,1.1105427228263348e-13,,7.662051198376821e-14,8.038873388460928e-14,7.281979816571617e-14,,1.8841109504205298e-14,7.034014214903311e-14,5.87172596965188e-14,,4.961492169440729e-14,3.1401849173675496e-14,0.0,,0.0,0.0,6.144500217583006e-14,,-4.647473677703974e-14,4.019436694230464e-14,,,,,,2.2860891271097014e-14,,8.16448078515562e-15,-2.135325743809933e-14
detuned_285hz,ANALYTICAL_REFERENCE,C,19,1140.0,positive,1.307101736104603e-13,,-8.79251776862914e-14,-9.671769545492053e-14,1.4744831822673014e-13,,-1.0551021322354968e-13,-1.0299806528965563e-13,7.944109290391272e-15,,-2.51214793389404e-15,7.53644380168212e-15,0.0,,0.0,0.0,2.393274171637826e-13,,1.8589894710815895e-13,1.5072887603364239e-13,,,,,,2.013639752496956e-14,,2.0097183471152325e-14,-1.2560739669470191e-15
detuned_285hz,ANALYTICAL_REFERENCE,C,20,1200.0,negative,2.1326364214292322e-13,,-1.7459428140563578e-13,-1.2246721177733443e-13,1.9298218398464653e-13,,-1.4319243223196028e-13,-1.2937561859554305e-13,3.41804476365117e-14,,-1.1932702685996689e-14,3.202988615714901e-14,0.0,,0.0,0.0,4.795242304003649e-13,,3.9189507768747024e-13,2.7633627272834437e-13,,,,,,3.1782642890979116e-14,,-1.9469146487678813e-14,-2.5121479338940396e-14
detuned_285hz,ANALYTICAL_REFERENCE,C,21,1260.0,zero,2.6227594425580137e-14,,2.51214793389404e-14,7.53644380168212e-15,3.217119064706756e-14,,2.51214793389404e-14,2.009718347115232e-14,2.7889368091584967e-14,,1.632896157031126e-14,-2.260933140504636e-14,0.0,,0.0,0.0,1.8992901693513402e-13,,-1.5072887603364239e-13,-1.1555880495912584e-13,,,,,,1.9173136984671848e-14,,-1.632896157031126e-14,1.0048591735576161e-14
detuned_285hz,ANALYTICAL_REFERENCE,C,22,1320.0,positive,1.7200418422064278e-13,,-2.009718347115232e-14,-1.7082605950479472e-13,1.9188354252067972e-13,,6.405977231429802e-14,-1.8087465124037088e-13,8.289746203901437e-14,,-8.242985408089819e-14,8.792517768629139e-15,0.0,,0.0,0.0,4.130936831003462e-13,,-3.014577520672848e-14,4.119922611586225e-13,,,,,,2.1355566272775343e-15,,-1.7271017045521539e-15,1.256073966947027e-15
detuned_285hz,ANALYTICAL_REFERENCE,C,23,1380.0,negative,6.156044012742063e-14,,1.25607396694702e-15,-6.154762438040397e-14,9.335596007155481e-14,,3.7682219008410597e-14,-8.541302975239736e-14,3.449061096984635e-14,,-3.391399710756954e-14,6.2803698347351e-15,0.0,,0.0,0.0,1.7089993023668188e-13,,5.02429586778808e-15,1.7082605950479472e-13,,,,,,1.7763568394002508e-14,,-2.5121479338940415e-15,1.7585035537258284e-14
detuned_285hz,ANALYTICAL_REFERENCE,C,24,1440.0,zero,2.1836910037548746e-13,,-2.009718347115232e-13,8.541302975239736e-14,1.8613643103193644e-13,,-1.5826531983532452e-13,9.797376942186756e-14,4.9985256476655904e-14,,-4.39625888431457e-14,-2.378690074905919e-14,0.0,,0.0,0.0,5.157434201868615e-13,,4.220408528941987e-13,-2.964334561994967e-13,,,,,,1.1296212391563847e-14,,1.2560739669470239e-15,1.1226161079588988e-14
detuned_285hz,ANALYTICAL_REFERENCE,C,25,1500.0,positive,1.0186597247009026e-13,,1.0174199132270861e-13,-5.02429586778808e-15,9.294947355407948e-14,,8.79251776862914e-14,-3.014577520672848e-14,1.2809491335957507e-14,,1.25607396694702e-14,2.51214793389404e-15,0.0,,0.0,0.0,2.542114972925207e-13,,-2.4116620165382783e-13,-8.038873388460928e-14,,,,,,2.2644195468014704e-14,,1.2560739669470191e-15,2.260933140504636e-14
