case,origin,phase,order,frequency_hz,sequence,Iload_rms,Iload_angle_deg,Iload_real,Iload_imag,Iload_theory_error_pct,Isystem_rms,Isystem_angle_deg,Isystem_real,Isystem_imag,Isystem_theory_error_pct,Ifilter_rms,Ifilter_angle_deg,Ifilter_real,Ifilter_imag,Ifilter_theory_error_pct,Ilinear_rms,Ilinear_angle_deg,Ilinear_real,Ilinear_imag,Ilinear_theory_error_pct,Vpcc_rms,Vpcc_angle_deg,Vpcc_real,Vpcc_imag,Vpcc_theory_error_pct,filter_magnitude_pct,system_magnitude_pct,filter_projection_pct,system_projection_pct,linear_projection_pct,kcl_error_a,kcl_error_pct,kcl_real_a,kcl_imag_a
without_filter,PSCAD_EMTDC,A,1,60.0,positive,99.9999999997614,-179.99999998842426,-99.9999999997614,-2.020348338200412e-08,2.0204880004693435e-08,100.00000000003644,-179.99999998842858,-100.00000000003644,-2.019592866625145e-08,2.0196684938379936e-08,2.7523096678881147e-10,,2.7512767567898515e-10,-7.539705231838631e-12,,0.0,,0.0,0.0,,275.2314236136699,-1.5697864632730725,275.1281292205403,-7.539831298714326,3.2445800675349594e-06,2.7523096678946815e-10,100.00000000027504,-2.7512767567811826e-10,100.00000000027502,-0.0,9.202597016576994e-14,9.20259701659895e-14,-9.079352096557022e-14,-1.5010520831261597e-14
without_filter,PSCAD_EMTDC,A,2,120.0,negative,5.845434350146845e-11,,5.579229346385273e-11,1.7439330957092424e-11,,5.839934546388834e-11,,5.5737026209307063e-11,1.7431794513290744e-11,,7.251427296065218e-17,,4.289255051595871e-18,-7.238730602884964e-17,,0.0,,0.0,0.0,,3.904259001224634e-09,,3.904244662869686e-09,1.0581167097561697e-11,,,,,,,5.5784313597437177e-14,,5.5262965290613693e-14,7.608831107709011e-15
without_filter,PSCAD_EMTDC,A,3,180.0,zero,2.061040366958372e-11,,-6.534724813041871e-12,1.9547023073629524e-11,,2.0576832436029094e-11,,-6.511487444653351e-12,1.951938944635669e-11,,1.5687148594083417e-16,,-1.3027939292622362e-17,-1.5632957461425231e-16,,0.0,,0.0,0.0,,2.707265192217975e-09,,2.7071848191117384e-09,-2.0860876443056106e-11,,,,,,,3.62167321950055e-14,,-2.3224340449227135e-14,2.7789956847450128e-14
without_filter,PSCAD_EMTDC,A,4,240.0,positive,1.1221713431077715e-10,,-1.0968163486778073e-10,2.3719700791827525e-11,,1.122091267084254e-10,,-1.0966719001716083e-10,2.3748590493067305e-11,,8.565502787349888e-17,,3.2664239444057334e-18,-8.559272325744334e-17,,0.0,,0.0,0.0,,1.91100361831412e-09,,1.909623068763191e-09,-7.26261967688767e-11,,,,,,,3.222459857848137e-14,,-1.4448117043845652e-14,-2.8804108516522436e-14
without_filter,PSCAD_EMTDC,A,5,300.0,negative,20.00000000014253,-1.9975293131137875e-07,20.00000000014253,-6.972692683836958e-08,3.486353625745869e-07,20.000000000142073,-1.9977455041959668e-07,20.000000000142073,-6.9734473330763e-08,3.486730902454487e-07,7.550665913626371e-12,,4.001186433068583e-13,7.540057082706831e-12,,0.0,,0.0,0.0,,7.550648182848626,86.96330088261746,0.40000002789632366,7.540045620474601,0.0029568117510338035,3.775332956786281e-11,99.9999999999977,2.0005930850837822e-12,99.9999999999977,0.0,5.853623667018384e-14,2.9268118334883337e-13,5.81814212584063e-14,6.435310704204058e-15
without_filter,PSCAD_EMTDC,A,6,360.0,zero,4.015174245898104e-10,,3.9679549326026816e-10,6.139689550437033e-11,,4.0160813539744445e-10,,3.9688106329926643e-10,6.143708987131264e-11,,7.062000337515708e-17,,1.1954812098198907e-17,6.96007711480552e-17,,0.0,,0.0,0.0,,1.324340588155411e-09,,1.311952929514592e-09,1.8071387377260165e-10,,,,,,,9.458046711973963e-14,,-8.558199381036668e-14,-4.026396771345948e-14
without_filter,PSCAD_EMTDC,A,7,420.0,positive,14.000000000108974,20.00000023570583,13.15569667140688,4.788282060717101,4.113850189080183e-07,14.000000000108702,20.000000235675696,13.155696671409144,4.78828206071009,4.1133242628850183e-07,7.394831567176606e-12,,-2.2642693065394068e-12,7.039646185311814e-12,,0.0,,0.0,0.0,,7.394757714356878,107.82999616802881,-2.26422847031597,7.039581741002172,0.005799581350628059,5.282022547942175e-11,99.99999999999807,1.9998833488029966e-12,99.99999999999808,0.0,2.8371785615348523e-14,2.026556115366263e-13,-5.856636959125475e-16,-2.8365740199025082e-14
without_filter,PSCAD_EMTDC,A,8,480.0,negative,8.286376470709257e-11,,-6.100248827874897e-11,-5.608119047625055e-11,,8.286536249560427e-11,,-6.101504901841843e-11,-5.6069885810548025e-11,,1.4729468827697227e-16,,1.6967965652035096e-17,1.4631409137961316e-16,,0.0,,0.0,0.0,,1.0173852782928936e-09,,1.0171686984336968e-09,-2.0991508135618596e-11,,,,,,,1.6984438371572378e-14,,1.2543771703813824e-14,-1.145097979390147e-14
without_filter,PSCAD_EMTDC,A,9,540.0,zero,2.8866123657068768e-11,,4.970284687209358e-12,-2.8435002463746636e-11,,2.889120947218638e-11,,4.986613648779669e-12,-2.8457611795151683e-11,,1.6488537444515996e-16,,-1.2704985479628305e-16,-1.0509767410444438e-16,,0.0,,0.0,0.0,,9.079021646989639e-10,,9.073802972787255e-10,3.0778836486069774e-11,,,,,,,2.7900667225518542e-14,,-1.6201911715514505e-14,2.271442907915139e-14
without_filter,PSCAD_EMTDC,A,10,600.0,positive,4.300546334188257e-11,,3.6903453148903444e-11,-2.208178033892861e-11,,4.3040565394307244e-11,,3.692857462824239e-11,-2.2108157892234498e-11,,2.423404301584892e-16,,5.845757645715062e-18,-2.4226991395332013e-16,,0.0,,0.0,0.0,,7.794981931535824e-10,,7.788512725369048e-10,3.175103773648677e-11,,,,,,,3.660597567017409e-14,,-2.5127325096590358e-14,2.6619823219841964e-14
without_filter,PSCAD_EMTDC,A,11,660.0,negative,9.000000000038769,-9.999999924047712,8.863269779219772,-1.5628335872597996,1.3256245035660956e-07,9.000000000038597,-9.999999924095535,8.863269779218298,-1.5628335872671677,1.324789757921607e-07,7.467544938798213e-12,,1.4737042048925862e-12,7.32068462163565e-12,,0.0,,0.0,0.0,,7.467663699146537,78.61881317562965,1.473634820344988,7.320819731411076,0.01432897048797104,8.297272154184494e-11,99.99999999999808,2.0010199188779093e-12,99.99999999999807,0.0,4.742626433746498e-14,5.269584926362298e-13,6.719718096216957e-16,4.742150359166373e-14
without_filter,PSCAD_EMTDC,A,12,720.0,zero,2.6321656088783717e-11,,-2.6194166506713152e-11,-2.587512371910861e-12,,2.6340724867907048e-11,,-2.62167758381182e-11,-2.5523423008363443e-12,,8.85028673403561e-17,,-6.947550375342457e-17,5.4826197257082834e-17,,0.0,,0.0,0.0,,1.0962636681736798e-09,,1.093904769222424e-09,7.187757668457626e-11,,,,,,,4.189417227507518e-14,,2.2678806908800372e-14,-3.522489727177393e-14
without_filter,PSCAD_EMTDC,A,13,780.0,positive,6.999999999991037,29.999999996015493,6.062177826726709,3.4999999995739386,6.955439458977025e-09,6.999999999990871,29.999999995959516,6.062177826729984,3.4999999995679323,7.053161511285039e-09,6.864275022117616e-12,,-3.3100937834360417e-12,6.013447490759844e-12,,0.0,,0.0,0.0,,6.864039879361077,118.83130553010157,-3.3100624427026983,6.013196328980809,0.020016195568691417,9.806107174466292e-11,99.99999999999763,2.00140627911832e-12,99.99999999999763,0.0,3.522321894663847e-14,5.031888420954796e-13,3.449177158197985e-14,-7.140927537747343e-15
without_filter,PSCAD_EMTDC,A,14,840.0,negative,2.4358386673868056e-12,,3.893829297535762e-14,-2.4355274219102715e-12,,2.4136556188326023e-12,,5.966351342998344e-14,-2.4129180905052254e-12,,2.1503857625717252e-16,,1.339291282610935e-16,1.6823964420413925e-16,,0.0,,0.0,0.0,,5.586035224847267e-10,,5.585258501426619e-10,9.3150445388791e-12,,,,,,,3.088562552749897e-14,,-2.0859149582886916e-14,-2.2777571049250278e-14
without_filter,PSCAD_EMTDC,A,15,900.0,zero,3.295930968796251e-12,,2.265957436372424e-12,-2.3934489440175465e-12,,3.2988179418080753e-12,,2.2810303239757882e-12,-2.3830863337902335e-12,,5.558091678622986e-17,,1.1397284935002046e-17,-5.4399818077896027e-17,,0.0,,0.0,0.0,,5.106029975584187e-10,,5.102574397408218e-10,1.878207402775879e-11,,,,,,,1.8270053432665175e-14,,-1.5084284888299365e-14,-1.0308210409235153e-14
without_filter,PSCAD_EMTDC,A,16,960.0,positive,4.136534399456241e-12,,3.4994220719143974e-12,-2.205665885958967e-12,,4.2461009632764665e-12,,3.6074444330718412e-12,-2.2395798830665365e-12,,1.6779807652636293e-16,,-4.205354008962413e-18,-1.6774537097519698e-16,,0.0,,0.0,0.0,,4.975699263406349e-10,,4.971038331589526e-10,2.1531619941405815e-11,,,,,,,1.1326732606338409e-13,,-1.0801815580343483e-13,3.408174247854481e-14
without_filter,PSCAD_EMTDC,A,17,1020.0,negative,4.941979884629108e-12,,4.56457279588547e-12,-1.894159542156106e-12,,4.950163759070616e-12,,4.5796456834888345e-12,-1.879086654552742e-12,,7.940135688148129e-17,,-7.405576665465604e-17,-2.864120981752501e-17,,0.0,,0.0,0.0,,4.727900416483203e-10,,4.717336511745567e-10,3.1587748120783656e-11,,,,,,,2.1243688616048856e-14,,-1.4998831836709707e-14,-1.5044246393546837e-14
without_filter,PSCAD_EMTDC,A,18,1080.0,zero,4.8117339471661156e-12,,4.602255014893881e-12,-1.4042906950467682e-12,,4.706824754361624e-12,,4.501769097538119e-12,-1.3741449198400397e-12,,1.4902484003293301e-16,,-9.58987232956752e-17,1.140694429595446e-16,,0.0,,0.0,0.0,,4.370628280173043e-10,,4.3638019330086585e-10,2.4418077917450067e-11,,,,,,,1.0503504140992453e-13,,1.0058181607905728e-13,-3.025984464968807e-14
without_filter,PSCAD_EMTDC,A,19,1140.0,positive,5.147601051939848e-12,,4.928834246300106e-12,-1.4847186812428446e-12,,5.152903758552614e-12,,4.9263220983662124e-12,-1.5112139914831334e-12,,1.287238958872276e-16,,1.0206861379244421e-16,-7.843366274039917e-17,,0.0,,0.0,0.0,,4.329299730871248e-10,,4.326295564355621e-10,1.6125399083042908e-11,,,,,,,2.668280995984049e-14,,2.4100793201012125e-15,2.6573743903029234e-14
without_filter,PSCAD_EMTDC,A,20,1200.0,negative,5.238036428225325e-12,,5.04941734712702e-12,-1.3929860293442452e-12,,5.260712045230829e-12,,5.0770509743998544e-12,-1.3779131417408808e-12,,1.2547789226162372e-16,,1.1826622155719408e-16,-4.192615275701232e-17,,0.0,,0.0,0.0,,3.890002372289209e-10,,3.878907138808431e-10,2.935947290341964e-11,,,,,,,3.156101067224703e-14,,-2.7751893494391453e-14,-1.503096145060735e-14
without_filter,PSCAD_EMTDC,A,21,1260.0,zero,4.915425879102532e-12,,4.844677290514656e-12,-8.309714337583879e-13,,4.976831034006415e-12,,4.9037127669611655e-12,-8.499695525084616e-13,,6.23086224734846e-17,,-3.2893887806823794e-17,5.291839547355265e-17,,0.0,,0.0,0.0,,3.7397102884543923e-10,,3.730012130766531e-10,2.6915152963740744e-11,,,,,,,6.196955191924866e-14,,-5.900258255870259e-14,1.8945200354600102e-14
without_filter,PSCAD_EMTDC,A,22,1320.0,positive,5.0810042658804855e-12,,5.025551941755027e-12,-7.486200843004238e-13,,5.0657623482973535e-12,,5.0067108322508215e-12,-7.712294157054703e-13,,1.834984622798971e-16,,-1.37890061295339e-16,1.2107029633669225e-16,,0.0,,0.0,0.0,,3.7508826180095944e-10,,3.737473210130197e-10,3.168823403813942e-11,,,,,,,2.942659192296619e-14,,1.897899956550059e-14,2.248826110870975e-14
without_filter,PSCAD_EMTDC,A,23,1380.0,negative,5.055512813251186e-12,,5.004198684316927e-12,-7.184743090936954e-13,,5.0327923045090905e-12,,4.9841015008457754e-12,-6.983771256225431e-13,,3.806687572949809e-17,,-3.7001330816802085e-17,-8.943631566126985e-18,,0.0,,0.0,0.0,,3.31967897229449e-10,,3.310508547285566e-10,2.465798804513695e-11,,,,,,,2.844156777487055e-14,,2.013418480196848e-14,-2.0088239839586155e-14
without_filter,PSCAD_EMTDC,A,24,1440.0,zero,4.819419628180485e-12,,4.746703521092788e-12,-8.340331140528213e-13,,4.83534071530012e-12,,4.769312852497835e-12,-7.963508950444107e-13,,1.6190127849575937e-16,,1.318173816016995e-16,-9.400107385680958e-17,,0.0,,0.0,0.0,,3.5025040635247773e-10,,3.49201123550941e-10,2.7091003319113327e-11,,,,,,,4.3932151957672216e-14,,-2.2741148786648647e-14,-3.7588217934553795e-14
without_filter,PSCAD_EMTDC,A,25,1500.0,positive,4.692608960130964e-12,,4.65752226943955e-12,-5.727697289278411e-13,,4.6404540520143706e-12,,4.609791458695563e-12,-5.325753619855365e-13,,3.926943951210491e-17,,3.865838182375389e-17,-6.900608260415946e-18,,0.0,,0.0,0.0,,3.1576330780463465e-10,,3.1451087273179823e-10,2.8095862492670942e-11,,,,,,,6.236644808938303e-14,,4.769215236216299e-14,-4.018746633404425e-14
without_filter,PSCAD_EMTDC,B,1,60.0,positive,99.999999999698,60.00000001176914,49.999999982059954,86.60254038845284,2.054325526136289e-08,99.99999999997311,60.00000001176484,49.99999998220401,86.60254038868733,2.053418355959059e-08,2.752309538233745e-10,,-1.440935207622287e-10,-2.3449762305164135e-10,,0.0,,0.0,0.0,,275.2314236046245,-121.56978646291189,-144.09375004899195,-234.49803354452015,3.2438580646338728e-06,2.752309538242057e-10,100.00000000027511,-2.751276590701852e-10,100.0000000002751,0.0,3.832953770361451e-14,3.832953770373026e-14,3.808651422597929e-14,4.309396093083458e-15
without_filter,PSCAD_EMTDC,B,2,120.0,negative,1.672390115187187e-10,,-2.3315244974470584e-11,-1.656058160981629e-10,,1.672122474995367e-10,,-2.328384312529691e-11,-1.6558320676675785e-10,,1.3250268578714269e-16,,-1.2684245329996595e-16,-3.831388497205968e-17,,0.0,,0.0,0.0,,1.3474545050139624e-09,,1.3473679350126632e-09,1.527385943807576e-11,,,,,,,3.856911818088202e-14,,-3.127500672037438e-14,-2.2571017520071656e-14
without_filter,PSCAD_EMTDC,B,3,180.0,zero,1.7697950676682683e-10,,1.1076060240538822e-11,-1.7663257543549905e-10,,1.7703577367723707e-10,,1.1113742459547233e-11,-1.7668658661607778e-10,,1.065652958146084e-16,,1.0289367762694826e-16,-2.7731811633152275e-17,,0.0,,0.0,0.0,,8.035759456123953e-10,,7.88899864272481e-10,1.528767625171218e-10,,,,,,,6.593875031444217e-14,,-3.778511268603745e-14,5.403891239036737e-14
without_filter,PSCAD_EMTDC,B,4,240.0,positive,2.776419108850651e-10,,6.74172580279474e-11,-2.693324042886478e-10,,2.7765866330146816e-10,,6.741097765811267e-11,-2.69351245398152e-10,,1.0521730220112947e-16,,-8.459259150813703e-17,6.256815599345459e-17,,0.0,,0.0,0.0,,7.606697952098208e-10,,7.5677200434591e-10,7.690689684823214e-11,,,,,,,1.9827918747405588e-14,,6.364962426241066e-15,1.8778541348205334e-14
without_filter,PSCAD_EMTDC,B,5,300.0,negative,19.999999999947665,119.9999998002258,-9.999999939582109,17.320508110510627,3.486718558089141e-07,19.99999999994722,119.99999980020431,-9.999999939575392,17.32050811051399,3.4870935023572e-07,7.550636288333427e-12,,-6.729846119596067e-12,-3.423635431125129e-12,,0.0,,0.0,0.0,,7.550648182202033,-153.03669910379918,-6.729871065584808,-3.423612625866903,0.0029568044524243015,3.775318144176592e-11,99.99999999999778,1.999838884291269e-12,99.99999999999777,0.0,6.072184657918878e-14,3.036092328967384e-13,1.3440909823719846e-14,5.92155773010546e-14
without_filter,PSCAD_EMTDC,B,6,360.0,zero,1.5173294315067612e-10,,-1.5116347762620605e-10,-1.3133509398398041e-11,,1.5173318898853205e-10,,-1.5116096547827217e-10,-1.3165225266063453e-11,,6.459671797666536e-17,,1.911886070016173e-17,6.17025537468641e-17,,0.0,,0.0,0.0,,4.104741213747094e-10,,4.0967103646770446e-10,-2.566410329266151e-11,,,,,,,3.175521186359714e-14,,-2.5312667945881637e-15,3.1654165111665095e-14
without_filter,PSCAD_EMTDC,B,7,420.0,positive,13.999999999926578,-99.99999976418935,-2.431074430580231,-13.787308552104111,4.115675609689245e-07,13.999999999926327,-99.99999976421962,-2.431074430587471,-13.787308552102582,4.115147386498504e-07,7.394742027980181e-12,,7.2285747719927284e-12,-1.5588189202363163e-12,,0.0,,0.0,0.0,,7.394757714892159,-12.170003822990942,7.228570855650539,-1.558911494215351,0.005799589179098743,5.281958591442116e-11,99.99999999999821,1.9993439451367936e-12,99.99999999999821,-0.0,3.151437209382994e-14,2.2510265781425154e-13,1.1411616192842398e-14,2.937568151270068e-14
without_filter,PSCAD_EMTDC,B,8,480.0,negative,2.137868513899349e-10,,-2.1692397409175035e-11,2.126834683793372e-10,,2.1378062875969757e-10,,-2.1704958148844504e-11,2.1267593193553553e-10,,2.1628430067954933e-17,,4.57769574395778e-18,-2.1138441022936576e-17,,0.0,,0.0,0.0,,1.7258499162238124e-10,,1.7174048135273215e-10,1.705246017527274e-11,,,,,,,1.4655178363479512e-14,,1.2556161973725133e-14,7.557582242686942e-15
without_filter,PSCAD_EMTDC,B,9,540.0,zero,1.2502896216392165e-10,,-2.8548049120771868e-11,1.217261281368357e-10,,1.2502980923926395e-10,,-2.857317060011081e-11,1.2172110384096792e-10,,7.260015106876894e-17,,-1.9631119548281112e-17,6.989564421685494e-17,,0.0,,0.0,0.0,,1.9306694737669817e-10,,1.927922810387642e-10,1.0294782233097775e-11,,,,,,,2.5624627151652036e-14,,2.5141110458489694e-14,4.954400223559149e-15
without_filter,PSCAD_EMTDC,B,10,600.0,positive,1.0839908779278921e-10,,-3.335504419227812e-11,1.0313972688174038e-10,,1.0837696500070366e-10,,-3.335378811831117e-11,1.0311688203646653e-10,,2.168493965441748e-17,,-1.421188986011307e-17,1.6378607829108772e-17,,0.0,,0.0,0.0,,1.8235795963045604e-10,,1.8231662415442605e-10,3.882524631833239e-12,,,,,,,2.2862220183964137e-14,,-1.2418620770903503e-15,2.282846666601903e-14
without_filter,PSCAD_EMTDC,B,11,660.0,negative,9.000000000085063,110.0000000757898,-3.0781813011471826,8.457233583081347,1.322815153236742e-07,9.00000000008492,110.00000007574222,-3.0781813011401136,8.457233583083768,1.3219849736167823e-07,7.46761716292912e-12,,-7.0767925863664355e-12,-2.384179687360541e-12,,0.0,,0.0,0.0,,7.467663698786507,-161.3811868189441,-7.076833273533871,-2.384204675940733,0.014328965895876126,8.297352403176156e-11,99.99999999999842,2.000106285646405e-12,99.99999999999841,0.0,3.780401517931566e-14,4.200446130995373e-13,7.78054397313874e-15,-3.699468474200021e-14
without_filter,PSCAD_EMTDC,B,12,720.0,zero,9.800819026935543e-12,,-5.927413050022987e-12,7.805243630608782e-12,,9.767502860270701e-12,,-5.918620532254358e-12,7.770073559534265e-12,,5.308545398683369e-17,,-5.260589870898027e-17,7.119329042033743e-18,,0.0,,0.0,0.0,,3.769677075648018e-10,,-9.035191259043304e-11,3.6597975960141933e-10,,,,,,,3.6232847458468066e-14,,-8.73991186992003e-15,3.5162951745475617e-14
without_filter,PSCAD_EMTDC,B,13,780.0,positive,6.999999999983257,-90.0000000037465,-4.5772088999929574e-10,-6.999999999983257,6.5432491350802205e-09,6.999999999983132,-90.0000000038027,-4.6458659030262817e-10,-6.999999999983132,6.6413301386987846e-09,6.864038750334065e-12,,6.862610833475889e-12,-1.4000183694150684e-13,,0.0,,0.0,0.0,,6.86403987981634,-1.168694464988967,6.862612000659222,-0.14000000041834795,0.020016202376033184,9.805769643357833e-11,99.99999999999821,2.0000262356157784e-12,99.99999999999821,-0.0,1.5088363925880585e-14,2.1554805608452393e-13,3.089469856538283e-15,1.4768679763789177e-14
without_filter,PSCAD_EMTDC,B,14,840.0,negative,1.7829491073416714e-11,,-1.1017024764092312e-11,1.4018413508112216e-11,,1.7821348151602718e-11,,-1.1021421022976626e-11,1.40045966944758e-11,,2.0018230888749807e-16,,-1.462752751563853e-16,1.3666199423926704e-16,,0.0,,0.0,0.0,,1.5765234943466586e-10,,1.566600573055662e-10,1.76603999752751e-11,,,,,,,1.4414616385561987e-14,,4.542534159470082e-15,1.3680151642177055e-14
without_filter,PSCAD_EMTDC,B,15,900.0,zero,1.7223035604426147e-11,,-1.0857503370290041e-11,1.336965130418408e-11,,1.7249722096231724e-11,,-1.0875088405827299e-11,1.3389748487655233e-11,,5.780444102559207e-17,,5.520895580320421e-17,1.7126721852152418e-17,,0.0,,0.0,0.0,,1.4349776194691587e-10,,1.434335984336141e-10,-4.29074867109102e-12,,,,,,,2.668108495763038e-14,,1.7529826581454816e-14,-2.0114310193004636e-14
without_filter,PSCAD_EMTDC,B,16,960.0,positive,1.6181203516734396e-11,,-1.061068483578495e-11,1.2216575402526717e-11,,1.6190110337962252e-11,,-1.0635806315123892e-11,1.220652681079114e-11,,5.62964396680346e-17,,4.616567120758833e-17,-3.221831654896806e-17,,0.0,,0.0,0.0,,1.3517045392016665e-10,,1.3381458399473382e-10,1.909734859346249e-11,,,,,,,2.702580409242743e-14,,2.5075313667733822e-14,1.008081005212521e-14
without_filter,PSCAD_EMTDC,B,17,1020.0,negative,1.4969515813067663e-11,,-1.0339686877416131e-11,1.0824845447149418e-11,,1.498155612236988e-11,,-1.0301690639915984e-11,1.0877600553761193e-11,,9.134136716767132e-17,,-6.1002448255515726e-18,-9.113743670483429e-17,,0.0,,0.0,0.0,,1.2865138028028566e-10,,1.2814215396000109e-10,1.1435297395085669e-11,,,,,,,6.493646262271249e-14,,-3.799013725532095e-14,-5.266396917507084e-14
without_filter,PSCAD_EMTDC,B,18,1080.0,zero,1.3618575226321589e-11,,-9.747133983508875e-12,9.510992077722834e-12,,1.3614668179433676e-11,,-9.722012504169934e-12,9.531089261193987e-12,,1.7332969263207334e-16,,-1.5723128455114094e-16,-7.294864979098083e-17,,0.0,,0.0,0.0,,1.199074498479658e-10,,1.196184360202986e-10,8.32023395705706e-12,,,,,,,3.200286957605763e-14,,-2.4964248054390272e-14,-2.0024234821361502e-14
without_filter,PSCAD_EMTDC,B,19,1140.0,positive,1.2769021003820445e-11,,-9.369683756441295e-12,8.675074852719593e-12,,1.2721441686383794e-11,,-9.318184723796468e-12,8.660630002099702e-12,,5.907790991641043e-17,,-5.59462471670068e-17,1.8979380074693973e-17,,0.0,,0.0,0.0,,1.2363228051184555e-10,,1.208920950227829e-10,2.5885172310844188e-11,,,,,,,5.342749197880121e-14,,-5.1443086397659815e-14,1.442587123981686e-14
without_filter,PSCAD_EMTDC,B,20,1200.0,negative,1.1872055388531308e-11,,-9.051269005820226e-12,7.68246240033971e-12,,1.1823806305257196e-11,,-9.020495193630024e-12,7.644152144347826e-12,,1.8275697185106445e-16,,-1.8591261237341462e-17,1.8180889902800601e-16,,0.0,,0.0,0.0,,1.0254996855161221e-10,,1.0241650304295917e-10,5.230291998367391e-12,,,,,,,4.898634597622254e-14,,-3.0755220928965e-14,3.812844709285611e-14
without_filter,PSCAD_EMTDC,B,21,1260.0,zero,1.0996970621335342e-11,,-8.445841353751762e-12,7.042806732671941e-12,,1.095915525862985e-11,,-8.44207313185092e-12,6.988167515109745e-12,,8.8127021849056e-17,,-7.145362626139327e-17,-5.1582470608542245e-17,,0.0,,0.0,0.0,,1.0475211590816642e-10,,1.0467429599854643e-10,4.037021729767722e-12,,,,,,,5.4815597268515874e-14,,-3.696768274580303e-15,5.4690800032804257e-14
without_filter,PSCAD_EMTDC,B,22,1320.0,positive,1.0178813304906712e-11,,-8.076555607469337e-12,6.194956804982702e-12,,1.0202749488421418e-11,,-8.106701382676066e-12,6.194956804982702e-12,,2.0495831181123435e-17,,-1.441581885072194e-17,1.456925745082026e-17,,0.0,,0.0,0.0,,1.0171558863365007e-10,,9.834556731608388e-11,2.5965561044728795e-11,,,,,,,3.0160194544510247e-14,,3.0160191025579444e-14,-1.456925745082026e-17
without_filter,PSCAD_EMTDC,B,23,1380.0,negative,9.782282120036521e-12,,-7.908241695898437e-12,5.7578430644851395e-12,,9.757552534404236e-12,,-7.90321740003065e-12,5.722672993410623e-12,,2.309842516639736e-16,,-2.305125229891272e-16,1.4754703045231784e-17,,0.0,,0.0,0.0,,1.126212371168132e-10,,1.1180063165002036e-10,1.3570623138895604e-11,,,,,,,3.548065145871936e-14,,-4.7937833447981855e-15,3.515531637147161e-14
without_filter,PSCAD_EMTDC,B,24,1440.0,zero,9.183999034316878e-12,,-7.501273730607604e-12,5.298748029566004e-12,,9.191251733233149e-12,,-7.501273730607604e-12,5.311308769235474e-12,,2.2030192732754418e-16,,-1.5027987654943264e-16,1.6108661610611183e-16,,0.0,,0.0,0.0,,8.113142459933854e-11,,8.085096910444578e-11,-6.740092906637709e-12,,,,,,,1.2722713864646506e-14,,1.5027987654943264e-16,-1.272182628557601e-14
without_filter,PSCAD_EMTDC,B,25,1500.0,positive,8.605480727127379e-12,,-7.2199131620114706e-12,4.6826437487784906e-12,,8.6023487239193e-12,,-7.199815978540318e-12,4.70776522811743e-12,,1.5785409601089201e-16,,-9.699468016699156e-17,1.2453894028262376e-16,,0.0,,0.0,0.0,,9.060239169330499e-11,,9.027654815241622e-11,7.677124085980186e-12,,,,,,,3.2208213092779524e-14,,-2.000018879098549e-14,-2.524601827922242e-14
without_filter,PSCAD_EMTDC,C,1,60.0,positive,99.99999999970977,-59.999999988581116,50.000000017114516,-86.60254036822766,1.9931805416064688e-08,99.99999999998488,-59.999999988585415,50.00000001724558,-86.60254036846966,1.9922983722553912e-08,2.7523142361851013e-10,,-1.310343791901412e-10,2.42037864842107e-10,,0.0,,0.0,0.0,,275.2314236081667,118.43021353759691,-131.03437916638958,242.03786484320372,3.24300597054318e-06,2.752314236193089e-10,100.00000000027511,-2.751281292253755e-10,100.00000000027511,-0.0,5.2388525846516835e-14,5.2388525846668883e-14,-3.233384816687762e-14,-4.1219896932094184e-14
without_filter,PSCAD_EMTDC,C,2,120.0,negative,1.5171227246455707e-10,,-3.2448158788142365e-11,1.48201655212145e-10,,1.516912262259115e-10,,-3.2464487749712675e-11,1.4817653373280606e-10,,1.362049408882951e-20,,-1.3620134861651454e-20,-9.892206157553696e-23,,0.0,,0.0,0.0,,2.6717896279375444e-09,,-2.6717396678384605e-09,-1.6339010162046836e-11,,,,,,,2.9962045322652785e-14,,1.6328975190445648e-14,2.512147943785378e-14
without_filter,PSCAD_EMTDC,C,3,180.0,zero,1.5713038926941013e-10,,-4.549499908282107e-12,1.5706451312292316e-10,,1.5716581757953193e-10,,-4.558920463034209e-12,1.5709968319399767e-10,,9.08748907095088e-21,,-9.085208588291236e-21,-2.035743645228276e-22,,0.0,,0.0,0.0,,1.7905941772941805e-09,,-1.7864964181532092e-09,-1.2107045752608935e-10,,,,,,,3.640990123688145e-14,,9.420563837311214e-15,-3.517007087093521e-14
without_filter,PSCAD_EMTDC,C,4,240.0,positive,2.491982480981325e-10,,4.2194036697684294e-11,2.4560014275715083e-10,,2.4920258111520763e-10,,4.22342310646266e-11,2.455976306092169e-10,,6.860731298146094e-21,,-6.860378401721268e-21,-6.95854191459847e-23,,0.0,,0.0,0.0,,1.3865951445530416e-09,,-1.3865348334500053e-09,1.2932537563686518e-11,,,,,,,4.027278820726294e-14,,-4.0194360081926563e-14,2.5121480034992706e-15
without_filter,PSCAD_EMTDC,C,5,300.0,negative,19.999999999997492,-120.00000019997935,-10.000000060452479,-17.320508040783622,3.4902980782803234e-07,19.999999999997137,-120.00000020000095,-10.000000060458833,-17.320508040779544,3.4906751912541947e-07,7.550648178173578e-12,,6.32987103433456e-12,-4.116432994626329e-12,,0.0,,0.0,0.0,,7.550648181799725,-33.03669911019276,6.329871038713678,-4.1164329945438585,0.0029567985417479057,3.775324089087262e-11,99.99999999999822,2.000000014193087e-12,99.99999999999822,-0.0,4.4959207471445285e-14,2.2479603735725462e-13,2.4157380200135816e-14,3.79176913633537e-14
without_filter,PSCAD_EMTDC,C,6,360.0,zero,2.503145622688253e-10,,-2.456127034968203e-10,-4.828850758531124e-11,,2.5039344147701295e-10,,-2.4569309223070487e-10,-4.828850758531124e-11,,4.519308200789356e-21,,-4.514214695196365e-21,-2.1450477709159536e-22,,0.0,,0.0,0.0,,8.753777837567267e-10,,-8.653746716760833e-10,-1.3195810667158614e-10,,,,,,,8.038873839878585e-14,,8.038873839878585e-14,2.1450477709159536e-22
without_filter,PSCAD_EMTDC,C,7,420.0,positive,13.999999999985617,140.0000002361501,-10.724622240745031,8.99902649139974,4.1215968576994043e-07,13.999999999985315,140.0000002361198,-10.724622240740038,8.999026491405218,4.1210679414084995e-07,7.394757717250192e-12,,-4.964342387737438e-12,-5.480670246798711e-12,,0.0,,0.0,0.0,,7.394757715089703,-132.17000382721614,-4.964342384604103,-5.480670246721831,0.005799591568966089,5.281969798041278e-11,99.99999999999784,2.000000020735887e-12,99.99999999999783,-0.0,2.9094668358776506e-14,2.0781905970576e-13,-2.8996687816665664e-14,2.3857540883384844e-15
without_filter,PSCAD_EMTDC,C,8,480.0,negative,1.7706538285611679e-10,,8.274512864660188e-11,-1.565419863526732e-10,,1.771233829966677e-10,,8.275517723833746e-11,-1.5660227790308666e-10,,3.2812295988051838e-21,,-3.28072312029549e-21,-5.764970107340051e-23,,0.0,,0.0,0.0,,5.449192324123966e-10,,-5.443523114996318e-10,2.4850167362079843e-11,,,,,,,6.112319680895519e-14,,-1.0048588454854737e-14,6.029155047111685e-14
without_filter,PSCAD_EMTDC,C,9,540.0,zero,9.631000646810374e-11,,2.3579020507529458e-11,-9.337905085077536e-11,,9.627347145577488e-11,,2.3579020507529458e-11,-9.334136863176695e-11,,2.9591459592919538e-21,,-2.9572980614358557e-21,-1.0456091153785277e-22,,0.0,,0.0,0.0,,5.256701585813816e-10,,-5.252097442433592e-10,-2.1996367309176213e-11,,,,,,,3.768221890384971e-14,,2.9572980614358557e-21,-3.768221890384959e-14
without_filter,PSCAD_EMTDC,C,10,600.0,positive,8.110296141183081e-11,,-3.6275416165429937e-12,-8.102179516395057e-11,,8.10995832749995e-11,,-3.608072470055315e-12,-8.101928301601667e-11,,2.635841162985822e-21,,-2.633863863435278e-21,-1.0207734998637899e-22,,0.0,,0.0,0.0,,4.455229651978149e-10,,-4.450948344835443e-10,-1.9526925890158372e-11,,,,,,,1.963054887489085e-14,,-1.9469143853815003e-14,-2.5121478318235766e-15
without_filter,PSCAD_EMTDC,C,11,660.0,negative,9.000000000052754,-129.99999992363195,-5.785088478023394,-6.89439999582201,1.332887311424902e-07,9.000000000052559,-129.9999999236796,-5.7850884780290075,-6.894399995817046,1.33205483320421e-07,7.467663697229271e-12,,5.603198451652875e-12,-4.936615055512306e-12,,0.0,,0.0,0.0,,7.467663698667754,-41.38118682135486,5.6031984536564385,-4.936615055414211,0.014328964204416268,8.297404107983888e-11,99.99999999999783,2.000000018943649e-12,99.99999999999784,-0.0,2.921174097036164e-14,3.245748996687824e-13,1.0089160851916474e-14,-2.7414132191693775e-14
without_filter,PSCAD_EMTDC,C,12,720.0,zero,3.25178628392181e-11,,3.208954967057899e-11,-5.26043777357412e-12,,3.253723239882087e-11,,3.2105878632149304e-11,-5.280534957045272e-12,,2.454257267662882e-21,,-2.402512793602741e-21,-5.013092981894798e-22,,0.0,,0.0,0.0,,7.145453421750749e-10,,-5.789885511381958e-10,-4.1874491480492974e-10,,,,,,,2.589462707062198e-14,,-1.6328959167797994e-14,2.009718397246178e-14
without_filter,PSCAD_EMTDC,C,13,780.0,positive,6.999999999977808,149.99999999595317,-6.062177826224644,3.5000000004170797,7.070189396518215e-09,6.999999999977716,149.9999999958968,-6.062177826221121,3.500000000422998,7.168536759356038e-09,6.864039880783845e-12,,-3.5525495592734713e-12,-5.873196328567347e-12,,0.0,,0.0,0.0,,6.86403987984237,-121.16869446825278,-3.5525495575697663,-5.873196328497568,0.020016202639034964,9.805771258293723e-11,99.99999999999868,2.0000000252299602e-12,99.99999999999868,-0.0,5.3765786672059846e-14,7.680826667461471e-13,2.914576832307455e-14,-4.518057110443728e-14
without_filter,PSCAD_EMTDC,C,14,840.0,negative,1.5894729852187383e-11,,1.092344725355476e-11,-1.1546459941160481e-11,,1.5890130864165474e-11,,1.09426023815507e-11,-1.1521966498805014e-11,,1.9131879219362803e-21,,-1.9111348856376113e-21,-8.860854102047475e-23,,0.0,,0.0,0.0,,3.4855091050780103e-10,,-3.484989782034176e-10,-6.016594301676226e-12,,,,,,,3.109417259559734e-14,,-1.9155126084806366e-14,-2.4493442266859253e-14
without_filter,PSCAD_EMTDC,C,15,900.0,zero,1.389726856519543e-11,,8.566601089980277e-12,-1.0942916400042438e-11,,1.3896638220900739e-11,,8.55272539787666e-12,-1.0952964991778014e-11,,1.770688295854929e-21,,-1.7690466621974925e-21,-7.622957461211694e-23,,0.0,,0.0,0.0,,3.108026393339933e-10,,-3.1073856859056457e-10,6.310515609941828e-12,,,,,,,1.7132106637777465e-14,,1.3875693872664091e-14,1.0048591811805816e-14
without_filter,PSCAD_EMTDC,C,16,960.0,positive,1.2209389478450071e-11,,7.094305765316768e-12,-9.936801152517875e-12,,1.2184496700243168e-11,,7.08928146944898e-12,-9.909795562228514e-12,,1.6784449291561379e-21,,-1.675332482969141e-21,-1.0216874139581685e-22,,0.0,,0.0,0.0,,3.091836475313873e-10,,-3.085621064243371e-10,-1.959475388437351e-11,,,,,,,2.746899101096295e-14,,5.024297543120604e-15,-2.70055901871919e-14
without_filter,PSCAD_EMTDC,C,17,1020.0,negative,1.0592250890490201e-11,,5.741514102914828e-12,-8.901168166770056e-12,,1.0589326736117654e-11,,5.758471101468613e-12,-8.886723316150167e-12,,1.5857218752606946e-21,,-1.582130952428105e-21,-1.0665605959921566e-22,,0.0,,0.0,0.0,,2.9683743638785555e-10,,-2.9585377806375067e-10,-2.4145509866622566e-11,,,,,,,2.2275400168041085e-14,,-1.6956996971654258e-14,-1.444485051323388e-14
without_filter,PSCAD_EMTDC,C,18,1080.0,zero,9.603206540816633e-12,,5.159951856218358e-12,-8.099164938874384e-12,,9.622596977777314e-12,,5.124781785143841e-12,-8.144383601684477e-12,,1.4876700994836543e-21,,-1.4844766878351909e-21,-9.74232424607561e-23,,0.0,,0.0,0.0,,2.701238662712687e-10,,-2.697108309169631e-10,-1.4932207319066172e-11,,,,,,,5.728578775707279e-14,,3.5170072558993536e-14,4.521866290751552e-14
without_filter,PSCAD_EMTDC,C,19,1140.0,positive,8.44700649027566e-12,,4.403167291132778e-12,-7.208608496308947e-12,,8.421194659423143e-12,,4.393746736380676e-12,-7.184115053953481e-12,,1.4391728767282248e-21,,-1.435174137248339e-21,-1.0720897762631469e-22,,0.0,,0.0,0.0,,2.8572563918999654e-10,,-2.8465650668540146e-10,-2.4694414190178412e-11,,,,,,,2.6242629289885368e-14,,9.420556187276762e-15,-2.4493442248257203e-14
without_filter,PSCAD_EMTDC,C,20,1200.0,negative,7.441273611635561e-12,,3.955376921916166e-12,-6.302979166140146e-12,,7.462797280533075e-12,,3.905133963238285e-12,-6.359502494652762e-12,,1.331729053037096e-21,,-1.3281136706623609e-21,-9.806298232682111e-23,,0.0,,0.0,0.0,,2.3579875596562355e-10,,-2.352877754885158e-10,-1.551502563972959e-11,,,,,,,7.56256683104009e-14,,5.0242960005994875e-14,5.6523328610678736e-14
without_filter,PSCAD_EMTDC,C,21,1260.0,zero,7.113723935944073e-12,,3.5908014530097932e-12,-6.140945624403981e-12,,7.100799356783041e-12,,3.5597136223278545e-12,-6.144085809321348e-12,,1.2784329880485506e-21,,-1.2750273283009931e-21,-9.325350940515385e-23,,0.0,,0.0,0.0,,2.3480025975471725e-10,,-2.345519909100651e-10,-1.0794699671942689e-11,,,,,,,3.124602467011585e-14,,3.1087831956966075e-14,3.140185010620782e-15
without_filter,PSCAD_EMTDC,C,22,1320.0,positive,6.185024504301041e-12,,2.9794074495983314e-12,-5.4201161766222595e-12,,6.261167081706283e-12,,3.0422111479456825e-12,-5.4724002554964295e-12,,1.2373351355158522e-21,,-1.231581494443624e-21,-1.1918582183314592e-22,,0.0,,0.0,0.0,,2.4136888638666046e-10,,-2.3857366498604916e-10,-3.66271168761751e-11,,,,,,,8.171859817442297e-14,,-6.280369711576961e-14,5.2284078993355876e-14
without_filter,PSCAD_EMTDC,C,23,1380.0,negative,5.7700543676861915e-12,,2.911579455383192e-12,-4.981589352911881e-12,,5.774035268938791e-12,,2.9492616743916027e-12,-4.964004317374623e-12,,1.173492845784124e-21,,-1.169174870508983e-21,-1.0057624608636219e-22,,0.0,,0.0,0.0,,2.202599858801325e-10,,-2.195139986115951e-10,-1.8112586603376028e-11,,,,,,,4.158344637704963e-14,,-3.7682217839235633e-14,-1.7585035436681772e-14
without_filter,PSCAD_EMTDC,C,24,1440.0,zero,5.325878781415547e-12,,2.777179540919861e-12,-4.5444756124143185e-12,,5.253712969577847e-12,,2.782203836787649e-12,-4.456550434728027e-12,,1.128430527402722e-21,,-1.125412094099665e-21,-8.24807470176664e-23,,0.0,,0.0,0.0,,2.1560259575272468e-10,,-2.1560258427852208e-10,7.034014214903311e-14,,,,,,,8.806861185643822e-14,,-5.024294742376026e-15,-8.792517760381096e-14
without_filter,PSCAD_EMTDC,C,25,1500.0,positive,4.874428038565135e-12,,2.519684377695722e-12,-4.172677718198e-12,,4.850955221054434e-12,,2.5096357859601457e-12,-4.151324460759901e-12,,1.0763659744167847e-21,,-1.0718064628938897e-21,-9.89677572802559e-23,,0.0,,0.0,0.0,,1.991895210983724e-10,,-1.9851495403217482e-10,-1.637920452898914e-11,,,,,,,2.3599487630025822e-14,,1.0048592807382704e-14,-2.135325733913115e-14
